EXP-LOAD, 2023-07-18T10:53:52.371, ubuntu22-c, mtd-zk-0, 0.076620
EXP-LOAD, 2023-07-18T10:54:02.718, ubuntu22-c, mtd-zk-0, 0.076620
EXP-LOAD, 2023-07-18T10:54:12.869, ubuntu22-c, mtd-zk-0, 0.242312
EXP-LEAD, 2023-07-18T10:54:14.079, ubuntu22-c, mtd-zk-0, START
EXP-LEAD, 2023-07-18T10:54:20.517, ubuntu22-c, mtd-zk-0, END
EXP-LOAD, 2023-07-18T10:54:21.607, ubuntu22-c, mtd-zk-0, 0.103016
EXP-LEAD, 2023-07-18T10:54:23.273, ubuntu22-c, mtd-zk-0, START
EXP-LEAD, 2023-07-18T10:54:30.133, ubuntu22-c, mtd-zk-0, END
EXP-LOAD, 2023-07-18T10:54:31.227, ubuntu22-c, mtd-zk-0, 0.103016
EXP-LEAD, 2023-07-18T10:54:31.451, ubuntu22-c, mtd-zk-0, START
EXP-LEAD, 2023-07-18T10:54:37.325, ubuntu22-c, mtd-zk-0, END
EXP-LOAD, 2023-07-18T10:54:38.387, ubuntu22-c, mtd-zk-0, 0.370949
EXP-LOAD, 2023-07-18T10:54:44.710, ubuntu22-c, mtd-zk-0, 0.370949
EXP-LOAD, 2023-07-18T10:54:56.646, ubuntu22-c, mtd-zk-0, 0.213033
EXP-LEAD, 2023-07-18T10:54:57.698, ubuntu22-c, mtd-zk-0, START
EXP-LEAD, 2023-07-18T10:55:02.331, ubuntu22-c, mtd-zk-0, END
EXP-LOAD, 2023-07-18T10:55:03.390, ubuntu22-c, mtd-zk-0, 0.213033
EXP-LEAD, 2023-07-18T10:55:04.861, ubuntu22-c, mtd-zk-0, START
EXP-LEAD, 2023-07-18T10:55:14.764, ubuntu22-c, mtd-zk-0, END
EXP-LOAD, 2023-07-18T10:55:15.848, ubuntu22-c, mtd-zk-0, 0.184129
EXP-LEAD, 2023-07-18T10:55:17.041, ubuntu22-c, mtd-zk-0, START
EXP-LEAD, 2023-07-18T10:55:22.703, ubuntu22-c, mtd-zk-0, END
EXP-LOAD, 2023-07-18T10:55:23.766, ubuntu22-c, mtd-zk-0, 0.166420
EXP-LEAD, 2023-07-18T10:55:25.185, ubuntu22-c, mtd-zk-0, START
EXP-LEAD, 2023-07-18T10:55:29.614, ubuntu22-c, mtd-zk-0, END
EXP-LOAD, 2023-07-18T10:55:30.703, ubuntu22-c, mtd-zk-0, 0.166420
EXP-LEAD, 2023-07-18T10:55:32.322, ubuntu22-c, mtd-zk-0, START
EXP-LEAD, 2023-07-18T10:55:37.813, ubuntu22-c, mtd-zk-0, END
EXP-LOAD, 2023-07-18T10:55:38.872, ubuntu22-c, mtd-zk-0, 0.273947
EXP-LOAD, 2023-07-18T10:55:50.721, ubuntu22-c, mtd-zk-0, 0.294059
EXP-LOAD, 2023-07-18T10:55:57.864, ubuntu22-c, mtd-zk-0, 0.294059
EXP-LOAD, 2023-07-18T10:56:08.997, ubuntu22-c, mtd-zk-0, 0.166018
EXP-LEAD, 2023-07-18T10:56:11.051, ubuntu22-c, mtd-zk-0, START
EXP-LEAD, 2023-07-18T10:56:15.559, ubuntu22-c, mtd-zk-0, END
EXP-LOAD, 2023-07-18T10:56:16.632, ubuntu22-c, mtd-zk-0, 0.166018
EXP-LEAD, 2023-07-18T10:56:17.449, ubuntu22-c, mtd-zk-0, START
EXP-LEAD, 2023-07-18T10:56:26.109, ubuntu22-c, mtd-zk-0, END
EXP-LOAD, 2023-07-18T10:56:27.189, ubuntu22-c, mtd-zk-0, 0.160515
EXP-LEAD, 2023-07-18T10:56:28.618, ubuntu22-c, mtd-zk-0, START
EXP-LEAD, 2023-07-18T10:56:34.209, ubuntu22-c, mtd-zk-0, END
EXP-LOAD, 2023-07-18T10:56:35.283, ubuntu22-c, mtd-zk-0, 0.234617
EXP-LOAD, 2023-07-18T10:56:44.807, ubuntu22-c, mtd-zk-0, 0.234617
EXP-LOAD, 2023-07-18T10:56:53.950, ubuntu22-c, mtd-zk-0, 0.137623
EXP-LEAD, 2023-07-18T10:56:56.012, ubuntu22-c, mtd-zk-0, START
EXP-LEAD, 2023-07-18T10:57:04.647, ubuntu22-c, mtd-zk-0, END
EXP-LOAD, 2023-07-18T10:57:05.754, ubuntu22-c, mtd-zk-0, 0.213846
EXP-LOAD, 2023-07-18T10:57:13.896, ubuntu22-c, mtd-zk-0, 0.213846
EXP-LEAD, 2023-07-18T10:57:14.967, ubuntu22-c, mtd-zk-0, START
EXP-LEAD, 2023-07-18T10:57:22.546, ubuntu22-c, mtd-zk-0, END
EXP-LOAD, 2023-07-18T10:57:23.652, ubuntu22-c, mtd-zk-0, 0.234447
EXP-LEAD, 2023-07-18T10:57:26.094, ubuntu22-c, mtd-zk-0, START
EXP-LEAD, 2023-07-18T10:57:31.624, ubuntu22-c, mtd-zk-0, END
EXP-LOAD, 2023-07-18T10:57:32.689, ubuntu22-c, mtd-zk-0, 0.234447
EXP-LOAD, 2023-07-18T10:57:42.282, ubuntu22-c, mtd-zk-0, 0.228736
EXP-LOAD, 2023-07-18T10:57:52.400, ubuntu22-c, mtd-zk-0, 0.164023
EXP-LOAD, 2023-07-18T10:58:00.520, ubuntu22-c, mtd-zk-0, 0.164023
EXP-LOAD, 2023-07-18T10:58:07.678, ubuntu22-c, mtd-zk-0, 0.145926
EXP-LEAD, 2023-07-18T10:58:07.730, ubuntu22-c, mtd-zk-0, START
EXP-LEAD, 2023-07-18T10:58:17.448, ubuntu22-c, mtd-zk-0, END
EXP-LOAD, 2023-07-18T10:58:18.537, ubuntu22-c, mtd-zk-0, 0.145926
EXP-LEAD, 2023-07-18T10:58:19.925, ubuntu22-c, mtd-zk-0, START
EXP-LEAD, 2023-07-18T10:58:24.528, ubuntu22-c, mtd-zk-0, END
EXP-LOAD, 2023-07-18T10:58:25.586, ubuntu22-c, mtd-zk-0, 0.147489
EXP-LOAD, 2023-07-18T10:58:36.118, ubuntu22-c, mtd-zk-0, 0.184846
EXP-LEAD, 2023-07-18T10:58:38.163, ubuntu22-c, mtd-zk-0, START
EXP-LEAD, 2023-07-18T10:58:46.722, ubuntu22-c, mtd-zk-0, END
EXP-LOAD, 2023-07-18T10:58:47.796, ubuntu22-c, mtd-zk-0, 0.184846
EXP-LEAD, 2023-07-18T10:58:48.271, ubuntu22-c, mtd-zk-0, START
EXP-LEAD, 2023-07-18T10:58:54.857, ubuntu22-c, mtd-zk-0, END
EXP-LOAD, 2023-07-18T10:58:55.926, ubuntu22-c, mtd-zk-0, 0.140214
EXP-LOAD, 2023-07-18T10:59:09.929, ubuntu22-c, mtd-zk-0, 0.324351
EXP-LOAD, 2023-07-18T10:59:20.061, ubuntu22-c, mtd-zk-0, 0.173839
EXP-LEAD, 2023-07-18T10:59:20.460, ubuntu22-c, mtd-zk-0, START
EXP-LEAD, 2023-07-18T10:59:26.168, ubuntu22-c, mtd-zk-0, END
EXP-LOAD, 2023-07-18T10:59:27.239, ubuntu22-c, mtd-zk-0, 0.173839
EXP-LOAD, 2023-07-18T10:59:37.671, ubuntu22-c, mtd-zk-0, 0.173839
EXP-LOAD, 2023-07-18T10:59:44.761, ubuntu22-c, mtd-zk-0, 0.173839
EXP-LOAD, 2023-07-18T10:59:53.927, ubuntu22-c, mtd-zk-0, 0.138117
EXP-LOAD, 2023-07-18T11:00:04.072, ubuntu22-c, mtd-zk-0, 0.262843
EXP-LOAD, 2023-07-18T11:00:09.202, ubuntu22-c, mtd-zk-0, 0.262843
EXP-LOAD, 2023-07-18T11:00:17.904, ubuntu22-c, mtd-zk-0, 0.262843
EXP-LOAD, 2023-07-18T11:00:28.102, ubuntu22-c, mtd-zk-0, 0.188829
EXP-LEAD, 2023-07-18T11:00:29.163, ubuntu22-c, mtd-zk-0, START
EXP-LEAD, 2023-07-18T11:00:33.689, ubuntu22-c, mtd-zk-0, END
EXP-LOAD, 2023-07-18T11:00:34.750, ubuntu22-c, mtd-zk-0, 0.122448
EXP-LEAD, 2023-07-18T11:00:36.432, ubuntu22-c, mtd-zk-0, START
EXP-LEAD, 2023-07-18T11:00:44.029, ubuntu22-c, mtd-zk-0, END
EXP-LOAD, 2023-07-18T11:00:45.096, ubuntu22-c, mtd-zk-0, 0.122448
EXP-LEAD, 2023-07-18T11:00:47.527, ubuntu22-c, mtd-zk-0, START
EXP-LEAD, 2023-07-18T11:00:51.984, ubuntu22-c, mtd-zk-0, END
EXP-LOAD, 2023-07-18T11:00:53.041, ubuntu22-c, mtd-zk-0, 0.214121
EXP-LEAD, 2023-07-18T11:00:54.080, ubuntu22-c, mtd-zk-0, START
EXP-LEAD, 2023-07-18T11:01:01.613, ubuntu22-c, mtd-zk-0, END
EXP-LOAD, 2023-07-18T11:01:02.689, ubuntu22-c, mtd-zk-0, 0.214121
EXP-LEAD, 2023-07-18T11:01:03.725, ubuntu22-c, mtd-zk-0, START
EXP-LEAD, 2023-07-18T11:01:08.116, ubuntu22-c, mtd-zk-0, END
EXP-LOAD, 2023-07-18T11:01:09.162, ubuntu22-c, mtd-zk-0, 0.336834
EXP-LOAD, 2023-07-18T11:01:14.885, ubuntu22-c, mtd-zk-0, 0.336834
EXP-LOAD, 2023-07-18T11:01:24.000, ubuntu22-c, mtd-zk-0, 0.224357
EXP-LEAD, 2023-07-18T11:01:25.054, ubuntu22-c, mtd-zk-0, START
EXP-LEAD, 2023-07-18T11:01:30.636, ubuntu22-c, mtd-zk-0, END
EXP-LOAD, 2023-07-18T11:01:31.691, ubuntu22-c, mtd-zk-0, 0.224357
EXP-LOAD, 2023-07-18T11:01:44.268, ubuntu22-c, mtd-zk-0, 0.200836
EXP-LOAD, 2023-07-18T11:01:49.858, ubuntu22-c, mtd-zk-0, 0.176647
EXP-LEAD, 2023-07-18T11:01:51.910, ubuntu22-c, mtd-zk-0, START
EXP-LEAD, 2023-07-18T11:01:58.446, ubuntu22-c, mtd-zk-0, END
EXP-LOAD, 2023-07-18T11:01:59.512, ubuntu22-c, mtd-zk-0, 0.176647
EXP-LEAD, 2023-07-18T11:02:01.019, ubuntu22-c, mtd-zk-0, START
EXP-LEAD, 2023-07-18T11:02:05.510, ubuntu22-c, mtd-zk-0, END
EXP-LOAD, 2023-07-18T11:02:06.562, ubuntu22-c, mtd-zk-0, 0.286223
EXP-LOAD, 2023-07-18T11:02:15.277, ubuntu22-c, mtd-zk-0, 0.286223
EXP-LOAD, 2023-07-18T11:02:20.852, ubuntu22-c, mtd-zk-0, 0.217730
EXP-LOAD, 2023-07-18T11:02:32.539, ubuntu22-c, mtd-zk-0, 0.217730
EXP-LEAD, 2023-07-18T11:02:33.568, ubuntu22-c, mtd-zk-0, START
EXP-LEAD, 2023-07-18T11:02:38.119, ubuntu22-c, mtd-zk-0, END
EXP-LOAD, 2023-07-18T11:02:39.169, ubuntu22-c, mtd-zk-0, 0.288021
EXP-LOAD, 2023-07-18T11:02:48.283, ubuntu22-c, mtd-zk-0, 0.288021
EXP-LOAD, 2023-07-18T11:02:56.903, ubuntu22-c, mtd-zk-0, 0.127923
EXP-LOAD, 2023-07-18T11:03:08.012, ubuntu22-c, mtd-zk-0, 0.206419
EXP-LEAD, 2023-07-18T11:03:08.043, ubuntu22-c, mtd-zk-0, START
EXP-LEAD, 2023-07-18T11:03:12.554, ubuntu22-c, mtd-zk-0, END
EXP-LOAD, 2023-07-18T11:03:13.605, ubuntu22-c, mtd-zk-0, 0.206419
EXP-LEAD, 2023-07-18T11:03:16.156, ubuntu22-c, mtd-zk-0, START
EXP-LEAD, 2023-07-18T11:03:23.739, ubuntu22-c, mtd-zk-0, END
EXP-LOAD, 2023-07-18T11:03:24.791, ubuntu22-c, mtd-zk-0, 0.173443
EXP-LEAD, 2023-07-18T11:03:26.305, ubuntu22-c, mtd-zk-0, START
EXP-LEAD, 2023-07-18T11:03:30.756, ubuntu22-c, mtd-zk-0, END
EXP-LOAD, 2023-07-18T11:03:31.822, ubuntu22-c, mtd-zk-0, 0.173443
EXP-LEAD, 2023-07-18T11:03:33.415, ubuntu22-c, mtd-zk-0, START
EXP-LEAD, 2023-07-18T11:03:41.071, ubuntu22-c, mtd-zk-0, END
EXP-LOAD, 2023-07-18T11:03:42.130, ubuntu22-c, mtd-zk-0, 0.135224
EXP-LOAD, 2023-07-18T11:03:49.637, ubuntu22-c, mtd-zk-0, 0.171218
EXP-LEAD, 2023-07-18T11:03:52.670, ubuntu22-c, mtd-zk-0, START
EXP-LEAD, 2023-07-18T11:03:58.213, ubuntu22-c, mtd-zk-0, END
EXP-LOAD, 2023-07-18T11:03:59.273, ubuntu22-c, mtd-zk-0, 0.171218
EXP-LOAD, 2023-07-18T11:04:09.997, ubuntu22-c, mtd-zk-0, 0.208842
EXP-LEAD, 2023-07-18T11:04:11.051, ubuntu22-c, mtd-zk-0, START
EXP-LEAD, 2023-07-18T11:04:16.514, ubuntu22-c, mtd-zk-0, END
EXP-LOAD, 2023-07-18T11:04:17.585, ubuntu22-c, mtd-zk-0, 0.208842
EXP-LOAD, 2023-07-18T11:04:28.303, ubuntu22-c, mtd-zk-0, 0.155022
EXP-LEAD, 2023-07-18T11:04:29.348, ubuntu22-c, mtd-zk-0, START
EXP-LEAD, 2023-07-18T11:04:33.786, ubuntu22-c, mtd-zk-0, END
EXP-LOAD, 2023-07-18T11:04:34.856, ubuntu22-c, mtd-zk-0, 0.119812
EXP-LEAD, 2023-07-18T11:04:36.477, ubuntu22-c, mtd-zk-0, START
EXP-LEAD, 2023-07-18T11:04:41.054, ubuntu22-c, mtd-zk-0, END
EXP-LOAD, 2023-07-18T11:04:42.116, ubuntu22-c, mtd-zk-0, 0.119812
EXP-LEAD, 2023-07-18T11:04:43.150, ubuntu22-c, mtd-zk-0, START
EXP-LEAD, 2023-07-18T11:04:47.680, ubuntu22-c, mtd-zk-0, END
EXP-LOAD, 2023-07-18T11:04:48.761, ubuntu22-c, mtd-zk-0, 0.119812
EXP-LEAD, 2023-07-18T11:04:49.267, ubuntu22-c, mtd-zk-0, START
EXP-LEAD, 2023-07-18T11:04:57.852, ubuntu22-c, mtd-zk-0, END
EXP-LOAD, 2023-07-18T11:04:58.899, ubuntu22-c, mtd-zk-0, 0.170920
EXP-LEAD, 2023-07-18T11:05:00.369, ubuntu22-c, mtd-zk-0, START
EXP-LEAD, 2023-07-18T11:05:04.800, ubuntu22-c, mtd-zk-0, END
EXP-LOAD, 2023-07-18T11:05:05.865, ubuntu22-c, mtd-zk-0, 0.184447
EXP-LOAD, 2023-07-18T11:05:18.605, ubuntu22-c, mtd-zk-0, 0.184447
EXP-LOAD, 2023-07-18T11:05:24.689, ubuntu22-c, mtd-zk-0, 0.142921
EXP-LEAD, 2023-07-18T11:05:25.715, ubuntu22-c, mtd-zk-0, START
EXP-LEAD, 2023-07-18T11:05:33.236, ubuntu22-c, mtd-zk-0, END
EXP-LOAD, 2023-07-18T11:05:34.295, ubuntu22-c, mtd-zk-0, 0.094467
EXP-LEAD, 2023-07-18T11:05:36.894, ubuntu22-c, mtd-zk-0, START
EXP-LEAD, 2023-07-18T11:05:41.480, ubuntu22-c, mtd-zk-0, END
EXP-LOAD, 2023-07-18T11:05:42.524, ubuntu22-c, mtd-zk-0, 0.094467
EXP-LEAD, 2023-07-18T11:05:44.025, ubuntu22-c, mtd-zk-0, START
EXP-LEAD, 2023-07-18T11:05:49.495, ubuntu22-c, mtd-zk-0, END
EXP-LOAD, 2023-07-18T11:05:50.538, ubuntu22-c, mtd-zk-0, 0.133614
EXP-LEAD, 2023-07-18T11:05:51.124, ubuntu22-c, mtd-zk-0, START
EXP-LEAD, 2023-07-18T11:06:00.727, ubuntu22-c, mtd-zk-0, END
EXP-LOAD, 2023-07-18T11:06:01.786, ubuntu22-c, mtd-zk-0, 0.133614
EXP-LOAD, 2023-07-18T11:06:09.287, ubuntu22-c, mtd-zk-0, 0.202244
EXP-LOAD, 2023-07-18T11:06:15.968, ubuntu22-c, mtd-zk-0, 0.202244
EXP-LOAD, 2023-07-18T11:06:25.038, ubuntu22-c, mtd-zk-0, 0.181119
EXP-LOAD, 2023-07-18T11:06:33.613, ubuntu22-c, mtd-zk-0, 0.181119
EXP-LEAD, 2023-07-18T11:06:33.644, ubuntu22-c, mtd-zk-0, START
EXP-LEAD, 2023-07-18T11:06:39.141, ubuntu22-c, mtd-zk-0, END
EXP-LOAD, 2023-07-18T11:06:40.201, ubuntu22-c, mtd-zk-0, 0.207226
EXP-LOAD, 2023-07-18T11:06:51.300, ubuntu22-c, mtd-zk-0, 0.135479
EXP-LEAD, 2023-07-18T11:06:52.324, ubuntu22-c, mtd-zk-0, START
EXP-LEAD, 2023-07-18T11:06:56.751, ubuntu22-c, mtd-zk-0, END
EXP-LOAD, 2023-07-18T11:06:57.814, ubuntu22-c, mtd-zk-0, 0.135479
EXP-LOAD, 2023-07-18T11:07:09.493, ubuntu22-c, mtd-zk-0, 0.207468
EXP-LOAD, 2023-07-18T11:07:17.629, ubuntu22-c, mtd-zk-0, 0.207468
EXP-LOAD, 2023-07-18T11:07:25.752, ubuntu22-c, mtd-zk-0, 0.161326
EXP-LOAD, 2023-07-18T11:07:34.840, ubuntu22-c, mtd-zk-0, 0.201818
EXP-LEAD, 2023-07-18T11:07:37.386, ubuntu22-c, mtd-zk-0, START
EXP-LEAD, 2023-07-18T11:07:41.953, ubuntu22-c, mtd-zk-0, END
EXP-LOAD, 2023-07-18T11:07:42.994, ubuntu22-c, mtd-zk-0, 0.201818
EXP-LEAD, 2023-07-18T11:07:45.542, ubuntu22-c, mtd-zk-0, START
EXP-LEAD, 2023-07-18T11:07:53.096, ubuntu22-c, mtd-zk-0, END
EXP-LOAD, 2023-07-18T11:07:54.152, ubuntu22-c, mtd-zk-0, 0.161538
EXP-LOAD, 2023-07-18T11:08:02.755, ubuntu22-c, mtd-zk-0, 0.161538
EXP-LEAD, 2023-07-18T11:08:03.790, ubuntu22-c, mtd-zk-0, START
EXP-LEAD, 2023-07-18T11:08:10.262, ubuntu22-c, mtd-zk-0, END
EXP-LOAD, 2023-07-18T11:08:11.330, ubuntu22-c, mtd-zk-0, 0.123450
EXP-LOAD, 2023-07-18T11:08:17.414, ubuntu22-c, mtd-zk-0, 0.123450
EXP-LEAD, 2023-07-18T11:08:19.901, ubuntu22-c, mtd-zk-0, START
EXP-LEAD, 2023-07-18T11:08:26.509, ubuntu22-c, mtd-zk-0, END
EXP-LOAD, 2023-07-18T11:08:27.560, ubuntu22-c, mtd-zk-0, 0.123936
EXP-LOAD, 2023-07-18T11:08:36.141, ubuntu22-c, mtd-zk-0, 0.144241
EXP-LEAD, 2023-07-18T11:08:37.197, ubuntu22-c, mtd-zk-0, START
EXP-LEAD, 2023-07-18T11:08:41.732, ubuntu22-c, mtd-zk-0, END
EXP-LOAD, 2023-07-18T11:08:42.837, ubuntu22-c, mtd-zk-0, 0.144241
EXP-LOAD, 2023-07-18T11:08:52.375, ubuntu22-c, mtd-zk-0, 0.193535
EXP-LOAD, 2023-07-18T11:08:59.046, ubuntu22-c, mtd-zk-0, 0.193535
EXP-LOAD, 2023-07-18T11:09:08.132, ubuntu22-c, mtd-zk-0, 0.182625
EXP-LOAD, 2023-07-18T11:09:15.257, ubuntu22-c, mtd-zk-0, 0.182625
EXP-LEAD, 2023-07-18T11:09:17.773, ubuntu22-c, mtd-zk-0, START
EXP-LEAD, 2023-07-18T11:09:25.329, ubuntu22-c, mtd-zk-0, END
EXP-LOAD, 2023-07-18T11:09:26.390, ubuntu22-c, mtd-zk-0, 0.191356
EXP-LOAD, 2023-07-18T11:09:35.118, ubuntu22-c, mtd-zk-0, 0.115032
EXP-LOAD, 2023-07-18T11:09:45.279, ubuntu22-c, mtd-zk-0, 0.115032
EXP-LEAD, 2023-07-18T11:09:48.324, ubuntu22-c, mtd-zk-0, START
EXP-LEAD, 2023-07-18T11:09:52.775, ubuntu22-c, mtd-zk-0, END
EXP-LOAD, 2023-07-18T11:09:53.840, ubuntu22-c, mtd-zk-0, 0.190723
EXP-LOAD, 2023-07-18T11:10:02.504, ubuntu22-c, mtd-zk-0, 0.190723
EXP-LOAD, 2023-07-18T11:10:09.636, ubuntu22-c, mtd-zk-0, 0.250435
EXP-LOAD, 2023-07-18T11:10:23.768, ubuntu22-c, mtd-zk-0, 0.210129
EXP-LOAD, 2023-07-18T11:10:30.855, ubuntu22-c, mtd-zk-0, 0.210129
EXP-LOAD, 2023-07-18T11:10:38.031, ubuntu22-c, mtd-zk-0, 0.188870
EXP-LOAD, 2023-07-18T11:10:46.619, ubuntu22-c, mtd-zk-0, 0.188870
EXP-LOAD, 2023-07-18T11:10:57.153, ubuntu22-c, mtd-zk-0, 0.212110
EXP-LOAD, 2023-07-18T11:11:04.795, ubuntu22-c, mtd-zk-0, 0.117809
EXP-LOAD, 2023-07-18T11:11:11.938, ubuntu22-c, mtd-zk-0, 0.117809
EXP-LEAD, 2023-07-18T11:11:13.975, ubuntu22-c, mtd-zk-0, START
EXP-LEAD, 2023-07-18T11:11:18.376, ubuntu22-c, mtd-zk-0, END
EXP-LOAD, 2023-07-18T11:11:19.438, ubuntu22-c, mtd-zk-0, 0.233020
EXP-LOAD, 2023-07-18T11:11:29.571, ubuntu22-c, mtd-zk-0, 0.233020
EXP-LEAD, 2023-07-18T11:11:30.605, ubuntu22-c, mtd-zk-0, START
EXP-LEAD, 2023-07-18T11:11:35.022, ubuntu22-c, mtd-zk-0, END
EXP-LOAD, 2023-07-18T11:11:36.080, ubuntu22-c, mtd-zk-0, 0.155851
EXP-LEAD, 2023-07-18T11:11:38.749, ubuntu22-c, mtd-zk-0, START
EXP-LEAD, 2023-07-18T11:11:43.165, ubuntu22-c, mtd-zk-0, END
EXP-LOAD, 2023-07-18T11:11:44.238, ubuntu22-c, mtd-zk-0, 0.155851
EXP-LEAD, 2023-07-18T11:11:45.860, ubuntu22-c, mtd-zk-0, START
EXP-LEAD, 2023-07-18T11:11:54.424, ubuntu22-c, mtd-zk-0, END
EXP-LOAD, 2023-07-18T11:11:55.489, ubuntu22-c, mtd-zk-0, 0.176430
EXP-LOAD, 2023-07-18T11:12:03.071, ubuntu22-c, mtd-zk-0, 0.176430
EXP-LOAD, 2023-07-18T11:12:13.189, ubuntu22-c, mtd-zk-0, 0.164817
EXP-LEAD, 2023-07-18T11:12:15.237, ubuntu22-c, mtd-zk-0, START
EXP-LEAD, 2023-07-18T11:12:19.721, ubuntu22-c, mtd-zk-0, END
EXP-LOAD, 2023-07-18T11:12:20.792, ubuntu22-c, mtd-zk-0, 0.168213
EXP-LOAD, 2023-07-18T11:12:27.951, ubuntu22-c, mtd-zk-0, 0.168213
EXP-LEAD, 2023-07-18T11:12:30.000, ubuntu22-c, mtd-zk-0, START
EXP-LEAD, 2023-07-18T11:12:37.512, ubuntu22-c, mtd-zk-0, END
EXP-LOAD, 2023-07-18T11:12:38.568, ubuntu22-c, mtd-zk-0, 0.182233
EXP-LEAD, 2023-07-18T11:12:40.601, ubuntu22-c, mtd-zk-0, START
EXP-LEAD, 2023-07-18T11:12:45.127, ubuntu22-c, mtd-zk-0, END
EXP-LOAD, 2023-07-18T11:12:46.179, ubuntu22-c, mtd-zk-0, 0.182233
EXP-LOAD, 2023-07-18T11:12:53.811, ubuntu22-c, mtd-zk-0, 0.194750
EXP-LEAD, 2023-07-18T11:12:55.795, ubuntu22-c, mtd-zk-0, START
EXP-LEAD, 2023-07-18T11:13:04.370, ubuntu22-c, mtd-zk-0, END
EXP-LOAD, 2023-07-18T11:13:05.447, ubuntu22-c, mtd-zk-0, 0.209845
EXP-LOAD, 2023-07-18T11:13:13.562, ubuntu22-c, mtd-zk-0, 0.209845
EXP-LEAD, 2023-07-18T11:13:14.600, ubuntu22-c, mtd-zk-0, START
EXP-LEAD, 2023-07-18T11:13:22.171, ubuntu22-c, mtd-zk-0, END
EXP-LOAD, 2023-07-18T11:13:23.274, ubuntu22-c, mtd-zk-0, 0.153636
EXP-LOAD, 2023-07-18T11:13:31.770, ubuntu22-c, mtd-zk-0, 0.153636
EXP-LEAD, 2023-07-18T11:13:32.808, ubuntu22-c, mtd-zk-0, START
EXP-LEAD, 2023-07-18T11:13:40.305, ubuntu22-c, mtd-zk-0, END
EXP-LOAD, 2023-07-18T11:13:41.383, ubuntu22-c, mtd-zk-0, 0.238639
EXP-LOAD, 2023-07-18T11:13:48.487, ubuntu22-c, mtd-zk-0, 0.238639
EXP-LOAD, 2023-07-18T11:13:54.587, ubuntu22-c, mtd-zk-0, 0.171733
EXP-LOAD, 2023-07-18T11:14:03.684, ubuntu22-c, mtd-zk-0, 0.171733
EXP-LEAD, 2023-07-18T11:14:05.712, ubuntu22-c, mtd-zk-0, START
EXP-LEAD, 2023-07-18T11:14:14.276, ubuntu22-c, mtd-zk-0, END
EXP-LOAD, 2023-07-18T11:14:15.355, ubuntu22-c, mtd-zk-0, 0.209300
EXP-LOAD, 2023-07-18T11:14:22.940, ubuntu22-c, mtd-zk-0, 0.179636
EXP-LEAD, 2023-07-18T11:14:23.988, ubuntu22-c, mtd-zk-0, START
EXP-LEAD, 2023-07-18T11:14:29.564, ubuntu22-c, mtd-zk-0, END
EXP-LOAD, 2023-07-18T11:14:30.621, ubuntu22-c, mtd-zk-0, 0.179636
EXP-LOAD, 2023-07-18T11:14:38.180, ubuntu22-c, mtd-zk-0, 0.195224
EXP-LOAD, 2023-07-18T11:14:45.232, ubuntu22-c, mtd-zk-0, 0.195224
EXP-LEAD, 2023-07-18T11:14:46.760, ubuntu22-c, mtd-zk-0, START
EXP-LEAD, 2023-07-18T11:14:55.396, ubuntu22-c, mtd-zk-0, END
EXP-LOAD, 2023-07-18T11:14:56.473, ubuntu22-c, mtd-zk-0, 0.210462
EXP-LEAD, 2023-07-18T11:14:57.926, ubuntu22-c, mtd-zk-0, START
EXP-LEAD, 2023-07-18T11:15:02.341, ubuntu22-c, mtd-zk-0, END
EXP-LOAD, 2023-07-18T11:15:03.402, ubuntu22-c, mtd-zk-0, 0.210462
EXP-LEAD, 2023-07-18T11:15:05.031, ubuntu22-c, mtd-zk-0, START
EXP-LEAD, 2023-07-18T11:15:14.793, ubuntu22-c, mtd-zk-0, END
EXP-LOAD, 2023-07-18T11:15:15.849, ubuntu22-c, mtd-zk-0, 0.173035
EXP-LEAD, 2023-07-18T11:15:18.144, ubuntu22-c, mtd-zk-0, START
EXP-LEAD, 2023-07-18T11:15:22.689, ubuntu22-c, mtd-zk-0, END
EXP-LOAD, 2023-07-18T11:15:23.731, ubuntu22-c, mtd-zk-0, 0.145411
EXP-LEAD, 2023-07-18T11:15:25.244, ubuntu22-c, mtd-zk-0, START
EXP-LEAD, 2023-07-18T11:15:36.855, ubuntu22-c, mtd-zk-0, END
EXP-LOAD, 2023-07-18T11:15:37.911, ubuntu22-c, mtd-zk-0, 0.131222
EXP-LEAD, 2023-07-18T11:15:39.360, ubuntu22-c, mtd-zk-0, START
EXP-LEAD, 2023-07-18T11:15:43.813, ubuntu22-c, mtd-zk-0, END
EXP-LOAD, 2023-07-18T11:15:44.860, ubuntu22-c, mtd-zk-0, 0.131222
EXP-LEAD, 2023-07-18T11:15:46.471, ubuntu22-c, mtd-zk-0, START
EXP-LEAD, 2023-07-18T11:15:50.983, ubuntu22-c, mtd-zk-0, END
EXP-LOAD, 2023-07-18T11:15:52.052, ubuntu22-c, mtd-zk-0, 0.175812
EXP-LOAD, 2023-07-18T11:15:57.667, ubuntu22-c, mtd-zk-0, 0.175812
EXP-LEAD, 2023-07-18T11:15:59.164, ubuntu22-c, mtd-zk-0, START
EXP-LEAD, 2023-07-18T11:16:03.625, ubuntu22-c, mtd-zk-0, END
EXP-LOAD, 2023-07-18T11:16:04.684, ubuntu22-c, mtd-zk-0, 0.213610
EXP-LOAD, 2023-07-18T11:16:11.785, ubuntu22-c, mtd-zk-0, 0.213610
EXP-LOAD, 2023-07-18T11:16:22.866, ubuntu22-c, mtd-zk-0, 0.188520
EXP-LEAD, 2023-07-18T11:16:24.970, ubuntu22-c, mtd-zk-0, START
EXP-LEAD, 2023-07-18T11:16:29.420, ubuntu22-c, mtd-zk-0, END
EXP-LOAD, 2023-07-18T11:16:30.483, ubuntu22-c, mtd-zk-0, 0.188520
EXP-LEAD, 2023-07-18T11:16:32.071, ubuntu22-c, mtd-zk-0, START
EXP-LEAD, 2023-07-18T11:16:37.501, ubuntu22-c, mtd-zk-0, END
EXP-LOAD, 2023-07-18T11:16:38.568, ubuntu22-c, mtd-zk-0, 0.223218
EXP-LOAD, 2023-07-18T11:16:48.661, ubuntu22-c, mtd-zk-0, 0.223218
EXP-LEAD, 2023-07-18T11:16:49.688, ubuntu22-c, mtd-zk-0, START
EXP-LEAD, 2023-07-18T11:16:54.153, ubuntu22-c, mtd-zk-0, END
EXP-LOAD, 2023-07-18T11:16:55.210, ubuntu22-c, mtd-zk-0, 0.139743
EXP-LOAD, 2023-07-18T11:17:01.877, ubuntu22-c, mtd-zk-0, 0.139743
EXP-LEAD, 2023-07-18T11:17:03.933, ubuntu22-c, mtd-zk-0, START
EXP-LEAD, 2023-07-18T11:17:08.382, ubuntu22-c, mtd-zk-0, END
EXP-LOAD, 2023-07-18T11:17:09.425, ubuntu22-c, mtd-zk-0, 0.180266
EXP-LOAD, 2023-07-18T11:17:17.195, ubuntu22-c, mtd-zk-0, 0.180266
EXP-LEAD, 2023-07-18T11:17:19.226, ubuntu22-c, mtd-zk-0, START
EXP-LEAD, 2023-07-18T11:17:24.647, ubuntu22-c, mtd-zk-0, END
EXP-LOAD, 2023-07-18T11:17:25.727, ubuntu22-c, mtd-zk-0, 0.259538
EXP-LEAD, 2023-07-18T11:17:26.753, ubuntu22-c, mtd-zk-0, START
EXP-LEAD, 2023-07-18T11:17:34.530, ubuntu22-c, mtd-zk-0, END
EXP-LOAD, 2023-07-18T11:17:35.591, ubuntu22-c, mtd-zk-0, 0.172439
EXP-LOAD, 2023-07-18T11:17:42.918, ubuntu22-c, mtd-zk-0, 0.172439
EXP-LOAD, 2023-07-18T11:17:50.727, ubuntu22-c, mtd-zk-0, 0.148923
EXP-LOAD, 2023-07-18T11:18:01.821, ubuntu22-c, mtd-zk-0, 0.148923
EXP-LEAD, 2023-07-18T11:18:03.861, ubuntu22-c, mtd-zk-0, START
EXP-LEAD, 2023-07-18T11:18:10.370, ubuntu22-c, mtd-zk-0, END
EXP-LOAD, 2023-07-18T11:18:11.472, ubuntu22-c, mtd-zk-0, 0.171033
EXP-LEAD, 2023-07-18T11:18:13.960, ubuntu22-c, mtd-zk-0, START
EXP-LEAD, 2023-07-18T11:18:18.661, ubuntu22-c, mtd-zk-0, END
EXP-LOAD, 2023-07-18T11:18:19.733, ubuntu22-c, mtd-zk-0, 0.097224
EXP-LEAD, 2023-07-18T11:18:21.037, ubuntu22-c, mtd-zk-0, START
EXP-LEAD, 2023-07-18T11:18:28.551, ubuntu22-c, mtd-zk-0, END
EXP-LOAD, 2023-07-18T11:18:29.607, ubuntu22-c, mtd-zk-0, 0.097224
EXP-LEAD, 2023-07-18T11:18:30.637, ubuntu22-c, mtd-zk-0, START
EXP-LEAD, 2023-07-18T11:18:35.221, ubuntu22-c, mtd-zk-0, END
EXP-LOAD, 2023-07-18T11:18:36.303, ubuntu22-c, mtd-zk-0, 0.184437
EXP-LOAD, 2023-07-18T11:18:44.877, ubuntu22-c, mtd-zk-0, 0.184437
EXP-LOAD, 2023-07-18T11:18:53.025, ubuntu22-c, mtd-zk-0, 0.221607
EXP-LEAD, 2023-07-18T11:18:54.068, ubuntu22-c, mtd-zk-0, START
EXP-LEAD, 2023-07-18T11:19:01.610, ubuntu22-c, mtd-zk-0, END
EXP-LOAD, 2023-07-18T11:19:02.723, ubuntu22-c, mtd-zk-0, 0.221607
EXP-LEAD, 2023-07-18T11:19:03.755, ubuntu22-c, mtd-zk-0, START
EXP-LEAD, 2023-07-18T11:19:08.318, ubuntu22-c, mtd-zk-0, END
EXP-LOAD, 2023-07-18T11:19:09.362, ubuntu22-c, mtd-zk-0, 0.162230
EXP-LOAD, 2023-07-18T11:19:18.907, ubuntu22-c, mtd-zk-0, 0.162230
EXP-LEAD, 2023-07-18T11:19:20.455, ubuntu22-c, mtd-zk-0, START
EXP-LEAD, 2023-07-18T11:19:24.878, ubuntu22-c, mtd-zk-0, END
EXP-LOAD, 2023-07-18T11:19:25.952, ubuntu22-c, mtd-zk-0, 0.265660
EXP-LEAD, 2023-07-18T11:19:27.546, ubuntu22-c, mtd-zk-0, START
EXP-LEAD, 2023-07-18T11:19:33.081, ubuntu22-c, mtd-zk-0, END
EXP-LOAD, 2023-07-18T11:19:34.143, ubuntu22-c, mtd-zk-0, 0.211333
EXP-LOAD, 2023-07-18T11:19:43.725, ubuntu22-c, mtd-zk-0, 0.211333
EXP-LOAD, 2023-07-18T11:19:50.372, ubuntu22-c, mtd-zk-0, 0.172430
EXP-LEAD, 2023-07-18T11:19:51.827, ubuntu22-c, mtd-zk-0, START
EXP-LEAD, 2023-07-18T11:19:59.373, ubuntu22-c, mtd-zk-0, END
EXP-LOAD, 2023-07-18T11:20:00.455, ubuntu22-c, mtd-zk-0, 0.172430
EXP-LOAD, 2023-07-18T11:20:09.016, ubuntu22-c, mtd-zk-0, 0.181580
EXP-LOAD, 2023-07-18T11:20:20.128, ubuntu22-c, mtd-zk-0, 0.149846
EXP-LEAD, 2023-07-18T11:20:22.150, ubuntu22-c, mtd-zk-0, START
EXP-LEAD, 2023-07-18T11:20:27.729, ubuntu22-c, mtd-zk-0, END
EXP-LOAD, 2023-07-18T11:20:28.770, ubuntu22-c, mtd-zk-0, 0.149846
EXP-LEAD, 2023-07-18T11:20:29.794, ubuntu22-c, mtd-zk-0, START
EXP-LEAD, 2023-07-18T11:20:38.295, ubuntu22-c, mtd-zk-0, END
EXP-LOAD, 2023-07-18T11:20:39.368, ubuntu22-c, mtd-zk-0, 0.150717
EXP-LEAD, 2023-07-18T11:20:39.401, ubuntu22-c, mtd-zk-0, START
EXP-LEAD, 2023-07-18T11:20:44.921, ubuntu22-c, mtd-zk-0, END
EXP-LOAD, 2023-07-18T11:20:45.972, ubuntu22-c, mtd-zk-0, 0.150717
EXP-LEAD, 2023-07-18T11:20:47.496, ubuntu22-c, mtd-zk-0, START
EXP-LEAD, 2023-07-18T11:20:51.960, ubuntu22-c, mtd-zk-0, END
EXP-LOAD, 2023-07-18T11:20:53.032, ubuntu22-c, mtd-zk-0, 0.133816
EXP-LEAD, 2023-07-18T11:20:54.622, ubuntu22-c, mtd-zk-0, START
EXP-LEAD, 2023-07-18T11:21:02.130, ubuntu22-c, mtd-zk-0, END
EXP-LOAD, 2023-07-18T11:21:03.166, ubuntu22-c, mtd-zk-0, 0.133816
EXP-LEAD, 2023-07-18T11:21:04.715, ubuntu22-c, mtd-zk-0, START
EXP-LEAD, 2023-07-18T11:21:09.138, ubuntu22-c, mtd-zk-0, END
EXP-LOAD, 2023-07-18T11:21:10.177, ubuntu22-c, mtd-zk-0, 0.190920
EXP-LEAD, 2023-07-18T11:21:10.824, ubuntu22-c, mtd-zk-0, START
EXP-LEAD, 2023-07-18T11:21:19.332, ubuntu22-c, mtd-zk-0, END
EXP-LOAD, 2023-07-18T11:21:20.404, ubuntu22-c, mtd-zk-0, 0.192592
EXP-LEAD, 2023-07-18T11:21:20.923, ubuntu22-c, mtd-zk-0, START
EXP-LEAD, 2023-07-18T11:21:26.365, ubuntu22-c, mtd-zk-0, END
EXP-LOAD, 2023-07-18T11:21:27.431, ubuntu22-c, mtd-zk-0, 0.192592
EXP-LOAD, 2023-07-18T11:21:38.194, ubuntu22-c, mtd-zk-0, 0.201652
EXP-LOAD, 2023-07-18T11:21:47.241, ubuntu22-c, mtd-zk-0, 0.201652
EXP-LOAD, 2023-07-18T11:21:53.334, ubuntu22-c, mtd-zk-0, 0.179043
EXP-LOAD, 2023-07-18T11:22:00.436, ubuntu22-c, mtd-zk-0, 0.179043
EXP-LOAD, 2023-07-18T11:22:08.534, ubuntu22-c, mtd-zk-0, 0.224947
EXP-LOAD, 2023-07-18T11:22:20.007, ubuntu22-c, mtd-zk-0, 0.211243
EXP-LOAD, 2023-07-18T11:22:27.070, ubuntu22-c, mtd-zk-0, 0.211243
EXP-LOAD, 2023-07-18T11:22:36.205, ubuntu22-c, mtd-zk-0, 0.132212
EXP-LOAD, 2023-07-18T11:22:47.298, ubuntu22-c, mtd-zk-0, 0.132212
EXP-LOAD, 2023-07-18T11:22:54.383, ubuntu22-c, mtd-zk-0, 0.158811
EXP-LEAD, 2023-07-18T11:22:55.442, ubuntu22-c, mtd-zk-0, START
EXP-LEAD, 2023-07-18T11:23:00.973, ubuntu22-c, mtd-zk-0, END
EXP-LOAD, 2023-07-18T11:23:02.025, ubuntu22-c, mtd-zk-0, 0.158811
EXP-LEAD, 2023-07-18T11:23:03.562, ubuntu22-c, mtd-zk-0, START
EXP-LEAD, 2023-07-18T11:23:12.134, ubuntu22-c, mtd-zk-0, END
EXP-LOAD, 2023-07-18T11:23:13.207, ubuntu22-c, mtd-zk-0, 0.161224
EXP-LEAD, 2023-07-18T11:23:14.229, ubuntu22-c, mtd-zk-0, START
EXP-LEAD, 2023-07-18T11:23:18.718, ubuntu22-c, mtd-zk-0, END
EXP-LOAD, 2023-07-18T11:23:19.774, ubuntu22-c, mtd-zk-0, 0.132031
EXP-LEAD, 2023-07-18T11:23:21.322, ubuntu22-c, mtd-zk-0, START
EXP-LEAD, 2023-07-18T11:23:29.955, ubuntu22-c, mtd-zk-0, END
EXP-LOAD, 2023-07-18T11:23:31.018, ubuntu22-c, mtd-zk-0, 0.132031
EXP-LOAD, 2023-07-18T11:23:38.490, ubuntu22-c, mtd-zk-0, 0.200625
EXP-LOAD, 2023-07-18T11:23:49.887, ubuntu22-c, mtd-zk-0, 0.202666
EXP-LOAD, 2023-07-18T11:23:58.054, ubuntu22-c, mtd-zk-0, 0.202666
EXP-LOAD, 2023-07-18T11:24:06.169, ubuntu22-c, mtd-zk-0, 0.117165
EXP-LEAD, 2023-07-18T11:24:07.770, ubuntu22-c, mtd-zk-0, START
EXP-LEAD, 2023-07-18T11:24:15.380, ubuntu22-c, mtd-zk-0, END
EXP-LOAD, 2023-07-18T11:24:16.513, ubuntu22-c, mtd-zk-0, 0.117165
EXP-LOAD, 2023-07-18T11:24:24.915, ubuntu22-c, mtd-zk-0, 0.200023
EXP-LOAD, 2023-07-18T11:24:36.033, ubuntu22-c, mtd-zk-0, 0.148652
EXP-LEAD, 2023-07-18T11:24:37.052, ubuntu22-c, mtd-zk-0, START
EXP-LEAD, 2023-07-18T11:24:41.566, ubuntu22-c, mtd-zk-0, END
EXP-LOAD, 2023-07-18T11:24:42.622, ubuntu22-c, mtd-zk-0, 0.148652
EXP-LEAD, 2023-07-18T11:24:44.138, ubuntu22-c, mtd-zk-0, START
EXP-LEAD, 2023-07-18T11:24:49.679, ubuntu22-c, mtd-zk-0, END
EXP-LOAD, 2023-07-18T11:24:50.754, ubuntu22-c, mtd-zk-0, 0.160869
EXP-LOAD, 2023-07-18T11:24:58.310, ubuntu22-c, mtd-zk-0, 0.160869
EXP-LEAD, 2023-07-18T11:25:00.338, ubuntu22-c, mtd-zk-0, START
EXP-LEAD, 2023-07-18T11:25:08.006, ubuntu22-c, mtd-zk-0, END
EXP-LOAD, 2023-07-18T11:25:09.076, ubuntu22-c, mtd-zk-0, 0.171745
EXP-LOAD, 2023-07-18T11:25:15.525, ubuntu22-c, mtd-zk-0, 0.171745
EXP-LOAD, 2023-07-18T11:25:25.651, ubuntu22-c, mtd-zk-0, 0.187830
EXP-LOAD, 2023-07-18T11:25:31.744, ubuntu22-c, mtd-zk-0, 0.187830
EXP-LOAD, 2023-07-18T11:25:46.894, ubuntu22-c, mtd-zk-0, 0.159917
EXP-LOAD, 2023-07-18T11:25:55.085, ubuntu22-c, mtd-zk-0, 0.077413
EXP-LEAD, 2023-07-18T11:25:56.136, ubuntu22-c, mtd-zk-0, START
EXP-LEAD, 2023-07-18T11:26:00.613, ubuntu22-c, mtd-zk-0, END
EXP-LOAD, 2023-07-18T11:26:01.684, ubuntu22-c, mtd-zk-0, 0.077413
EXP-LEAD, 2023-07-18T11:26:03.202, ubuntu22-c, mtd-zk-0, START
EXP-LEAD, 2023-07-18T11:26:10.701, ubuntu22-c, mtd-zk-0, END
EXP-LOAD, 2023-07-18T11:26:11.761, ubuntu22-c, mtd-zk-0, 0.164523
EXP-LOAD, 2023-07-18T11:26:21.412, ubuntu22-c, mtd-zk-0, 0.148030
EXP-LOAD, 2023-07-18T11:26:29.527, ubuntu22-c, mtd-zk-0, 0.148030
EXP-LEAD, 2023-07-18T11:26:30.563, ubuntu22-c, mtd-zk-0, START
EXP-LEAD, 2023-07-18T11:26:34.995, ubuntu22-c, mtd-zk-0, END
EXP-LOAD, 2023-07-18T11:26:36.050, ubuntu22-c, mtd-zk-0, 0.199036
EXP-LOAD, 2023-07-18T11:26:46.791, ubuntu22-c, mtd-zk-0, 0.199036
EXP-LEAD, 2023-07-18T11:26:48.239, ubuntu22-c, mtd-zk-0, START
EXP-LEAD, 2023-07-18T11:26:52.750, ubuntu22-c, mtd-zk-0, END
EXP-LOAD, 2023-07-18T11:26:53.796, ubuntu22-c, mtd-zk-0, 0.196634
EXP-LOAD, 2023-07-18T11:27:01.399, ubuntu22-c, mtd-zk-0, 0.196634
EXP-LOAD, 2023-07-18T11:27:09.520, ubuntu22-c, mtd-zk-0, 0.183863
EXP-LEAD, 2023-07-18T11:27:10.563, ubuntu22-c, mtd-zk-0, START
EXP-LEAD, 2023-07-18T11:27:16.025, ubuntu22-c, mtd-zk-0, END
EXP-LOAD, 2023-07-18T11:27:17.097, ubuntu22-c, mtd-zk-0, 0.183863
EXP-LOAD, 2023-07-18T11:27:26.218, ubuntu22-c, mtd-zk-0, 0.213642
EXP-LOAD, 2023-07-18T11:27:33.345, ubuntu22-c, mtd-zk-0, 0.213642
EXP-LOAD, 2023-07-18T11:27:41.457, ubuntu22-c, mtd-zk-0, 0.201935
EXP-LOAD, 2023-07-18T11:27:50.571, ubuntu22-c, mtd-zk-0, 0.149434
EXP-LOAD, 2023-07-18T11:27:58.678, ubuntu22-c, mtd-zk-0, 0.149434
EXP-LOAD, 2023-07-18T11:28:06.337, ubuntu22-c, mtd-zk-0, 0.234671
EXP-LEAD, 2023-07-18T11:28:07.365, ubuntu22-c, mtd-zk-0, START
EXP-LEAD, 2023-07-18T11:28:12.750, ubuntu22-c, mtd-zk-0, END
EXP-LOAD, 2023-07-18T11:28:13.831, ubuntu22-c, mtd-zk-0, 0.234671
EXP-LEAD, 2023-07-18T11:28:14.858, ubuntu22-c, mtd-zk-0, START
EXP-LEAD, 2023-07-18T11:28:23.468, ubuntu22-c, mtd-zk-0, END
EXP-LOAD, 2023-07-18T11:28:24.534, ubuntu22-c, mtd-zk-0, 0.133007
EXP-LEAD, 2023-07-18T11:28:25.971, ubuntu22-c, mtd-zk-0, START
EXP-LEAD, 2023-07-18T11:28:31.517, ubuntu22-c, mtd-zk-0, END
EXP-LOAD, 2023-07-18T11:28:32.557, ubuntu22-c, mtd-zk-0, 0.133007
EXP-LEAD, 2023-07-18T11:28:34.097, ubuntu22-c, mtd-zk-0, START
EXP-LEAD, 2023-07-18T11:28:39.564, ubuntu22-c, mtd-zk-0, END
EXP-LOAD, 2023-07-18T11:28:40.616, ubuntu22-c, mtd-zk-0, 0.175068
EXP-LEAD, 2023-07-18T11:28:42.177, ubuntu22-c, mtd-zk-0, START
EXP-LEAD, 2023-07-18T11:28:49.655, ubuntu22-c, mtd-zk-0, END
EXP-LOAD, 2023-07-18T11:28:50.722, ubuntu22-c, mtd-zk-0, 0.249892
EXP-LEAD, 2023-07-18T11:28:52.281, ubuntu22-c, mtd-zk-0, START
EXP-LEAD, 2023-07-18T11:28:58.822, ubuntu22-c, mtd-zk-0, END
EXP-LOAD, 2023-07-18T11:28:59.876, ubuntu22-c, mtd-zk-0, 0.249892
EXP-LOAD, 2023-07-18T11:29:10.429, ubuntu22-c, mtd-zk-0, 0.172873
EXP-LOAD, 2023-07-18T11:29:18.515, ubuntu22-c, mtd-zk-0, 0.172873
EXP-LOAD, 2023-07-18T11:29:27.606, ubuntu22-c, mtd-zk-0, 0.141628
EXP-LOAD, 2023-07-18T11:29:34.700, ubuntu22-c, mtd-zk-0, 0.142518
EXP-LEAD, 2023-07-18T11:29:35.740, ubuntu22-c, mtd-zk-0, START
EXP-LEAD, 2023-07-18T11:29:44.349, ubuntu22-c, mtd-zk-0, END
EXP-LOAD, 2023-07-18T11:29:45.404, ubuntu22-c, mtd-zk-0, 0.142518
EXP-LOAD, 2023-07-18T11:29:53.926, ubuntu22-c, mtd-zk-0, 0.111625
EXP-LEAD, 2023-07-18T11:29:53.957, ubuntu22-c, mtd-zk-0, START
EXP-LEAD, 2023-07-18T11:29:58.407, ubuntu22-c, mtd-zk-0, END
EXP-LOAD, 2023-07-18T11:29:59.451, ubuntu22-c, mtd-zk-0, 0.111625
EXP-LOAD, 2023-07-18T11:30:06.151, ubuntu22-c, mtd-zk-0, 0.216045
EXP-LOAD, 2023-07-18T11:30:16.665, ubuntu22-c, mtd-zk-0, 0.216045
EXP-LOAD, 2023-07-18T11:30:24.743, ubuntu22-c, mtd-zk-0, 0.169627
EXP-LOAD, 2023-07-18T11:30:29.832, ubuntu22-c, mtd-zk-0, 0.169627
EXP-LEAD, 2023-07-18T11:30:30.886, ubuntu22-c, mtd-zk-0, START
EXP-LEAD, 2023-07-18T11:30:39.373, ubuntu22-c, mtd-zk-0, END
EXP-LOAD, 2023-07-18T11:30:40.440, ubuntu22-c, mtd-zk-0, 0.231239
EXP-LEAD, 2023-07-18T11:30:41.470, ubuntu22-c, mtd-zk-0, START
EXP-LEAD, 2023-07-18T11:30:46.950, ubuntu22-c, mtd-zk-0, END
EXP-LOAD, 2023-07-18T11:30:47.991, ubuntu22-c, mtd-zk-0, 0.231239
EXP-LEAD, 2023-07-18T11:30:49.596, ubuntu22-c, mtd-zk-0, START
EXP-LEAD, 2023-07-18T11:30:55.159, ubuntu22-c, mtd-zk-0, END
EXP-LOAD, 2023-07-18T11:30:56.224, ubuntu22-c, mtd-zk-0, 0.149844
EXP-LEAD, 2023-07-18T11:30:57.684, ubuntu22-c, mtd-zk-0, START
EXP-LEAD, 2023-07-18T11:31:03.137, ubuntu22-c, mtd-zk-0, END
EXP-LOAD, 2023-07-18T11:31:04.186, ubuntu22-c, mtd-zk-0, 0.232668
EXP-LEAD, 2023-07-18T11:31:05.893, ubuntu22-c, mtd-zk-0, START
EXP-LEAD, 2023-07-18T11:31:11.370, ubuntu22-c, mtd-zk-0, END
EXP-LOAD, 2023-07-18T11:31:12.433, ubuntu22-c, mtd-zk-0, 0.232668
EXP-LOAD, 2023-07-18T11:31:21.512, ubuntu22-c, mtd-zk-0, 0.192823
EXP-LOAD, 2023-07-18T11:31:31.055, ubuntu22-c, mtd-zk-0, 0.192823
EXP-LOAD, 2023-07-18T11:31:37.145, ubuntu22-c, mtd-zk-0, 0.134716
EXP-LEAD, 2023-07-18T11:31:38.177, ubuntu22-c, mtd-zk-0, START
EXP-LEAD, 2023-07-18T11:31:46.726, ubuntu22-c, mtd-zk-0, END
EXP-LOAD, 2023-07-18T11:31:47.775, ubuntu22-c, mtd-zk-0, 0.134716
EXP-LOAD, 2023-07-18T11:31:55.331, ubuntu22-c, mtd-zk-0, 0.225444
EXP-LEAD, 2023-07-18T11:31:56.354, ubuntu22-c, mtd-zk-0, START
EXP-LEAD, 2023-07-18T11:32:05.988, ubuntu22-c, mtd-zk-0, END
EXP-LOAD, 2023-07-18T11:32:07.068, ubuntu22-c, mtd-zk-0, 0.186848
EXP-LOAD, 2023-07-18T11:32:16.517, ubuntu22-c, mtd-zk-0, 0.186848
EXP-LEAD, 2023-07-18T11:32:17.552, ubuntu22-c, mtd-zk-0, START
EXP-LEAD, 2023-07-18T11:32:25.157, ubuntu22-c, mtd-zk-0, END
EXP-LOAD, 2023-07-18T11:32:26.282, ubuntu22-c, mtd-zk-0, 0.166611
EXP-LOAD, 2023-07-18T11:32:34.703, ubuntu22-c, mtd-zk-0, 0.154711
EXP-LOAD, 2023-07-18T11:32:44.856, ubuntu22-c, mtd-zk-0, 0.154711
EXP-LOAD, 2023-07-18T11:32:51.950, ubuntu22-c, mtd-zk-0, 0.100627
EXP-LEAD, 2023-07-18T11:32:53.977, ubuntu22-c, mtd-zk-0, START
EXP-LEAD, 2023-07-18T11:33:01.591, ubuntu22-c, mtd-zk-0, END
EXP-LOAD, 2023-07-18T11:33:02.636, ubuntu22-c, mtd-zk-0, 0.100627
EXP-LEAD, 2023-07-18T11:33:04.072, ubuntu22-c, mtd-zk-0, START
EXP-LEAD, 2023-07-18T11:33:08.464, ubuntu22-c, mtd-zk-0, END
EXP-LOAD, 2023-07-18T11:33:09.521, ubuntu22-c, mtd-zk-0, 0.142119
EXP-LOAD, 2023-07-18T11:33:20.233, ubuntu22-c, mtd-zk-0, 0.129461
EXP-LOAD, 2023-07-18T11:33:27.007, ubuntu22-c, mtd-zk-0, 0.129461
EXP-LOAD, 2023-07-18T11:33:37.104, ubuntu22-c, mtd-zk-0, 0.189938
EXP-LOAD, 2023-07-18T11:33:44.167, ubuntu22-c, mtd-zk-0, 0.189938
EXP-LOAD, 2023-07-18T11:33:50.260, ubuntu22-c, mtd-zk-0, 0.193811
EXP-LEAD, 2023-07-18T11:33:51.295, ubuntu22-c, mtd-zk-0, START
EXP-LEAD, 2023-07-18T11:33:57.104, ubuntu22-c, mtd-zk-0, END
EXP-LOAD, 2023-07-18T11:33:58.159, ubuntu22-c, mtd-zk-0, 0.193811
EXP-LEAD, 2023-07-18T11:33:59.408, ubuntu22-c, mtd-zk-0, START
EXP-LEAD, 2023-07-18T11:34:06.988, ubuntu22-c, mtd-zk-0, END
EXP-LOAD, 2023-07-18T11:34:08.035, ubuntu22-c, mtd-zk-0, 0.209443
EXP-LEAD, 2023-07-18T11:34:10.552, ubuntu22-c, mtd-zk-0, START
EXP-LEAD, 2023-07-18T11:34:16.038, ubuntu22-c, mtd-zk-0, END
EXP-LOAD, 2023-07-18T11:34:17.075, ubuntu22-c, mtd-zk-0, 0.209443
EXP-LEAD, 2023-07-18T11:34:18.622, ubuntu22-c, mtd-zk-0, START
EXP-LEAD, 2023-07-18T11:34:26.151, ubuntu22-c, mtd-zk-0, END
EXP-LOAD, 2023-07-18T11:34:27.233, ubuntu22-c, mtd-zk-0, 0.135057
EXP-LEAD, 2023-07-18T11:34:27.764, ubuntu22-c, mtd-zk-0, START
EXP-LEAD, 2023-07-18T11:34:33.240, ubuntu22-c, mtd-zk-0, END
EXP-LOAD, 2023-07-18T11:34:34.267, ubuntu22-c, mtd-zk-0, 0.145015
EXP-LOAD, 2023-07-18T11:34:44.976, ubuntu22-c, mtd-zk-0, 0.145015
EXP-LOAD, 2023-07-18T11:34:51.055, ubuntu22-c, mtd-zk-0, 0.135608
EXP-LEAD, 2023-07-18T11:34:53.093, ubuntu22-c, mtd-zk-0, START
EXP-LEAD, 2023-07-18T11:35:00.640, ubuntu22-c, mtd-zk-0, END
EXP-LOAD, 2023-07-18T11:35:01.694, ubuntu22-c, mtd-zk-0, 0.135608
EXP-LEAD, 2023-07-18T11:35:02.208, ubuntu22-c, mtd-zk-0, START
EXP-LEAD, 2023-07-18T11:35:06.837, ubuntu22-c, mtd-zk-0, END
EXP-LOAD, 2023-07-18T11:35:07.881, ubuntu22-c, mtd-zk-0, 0.216031
EXP-LOAD, 2023-07-18T11:35:15.688, ubuntu22-c, mtd-zk-0, 0.216031
EXP-LOAD, 2023-07-18T11:35:24.332, ubuntu22-c, mtd-zk-0, 0.211468
EXP-LOAD, 2023-07-18T11:35:36.415, ubuntu22-c, mtd-zk-0, 0.143950
EXP-LEAD, 2023-07-18T11:35:38.454, ubuntu22-c, mtd-zk-0, START
EXP-LEAD, 2023-07-18T11:35:44.962, ubuntu22-c, mtd-zk-0, END
EXP-LOAD, 2023-07-18T11:35:45.997, ubuntu22-c, mtd-zk-0, 0.143950
EXP-LOAD, 2023-07-18T11:35:53.653, ubuntu22-c, mtd-zk-0, 0.190228
EXP-LOAD, 2023-07-18T11:36:04.216, ubuntu22-c, mtd-zk-0, 0.208374
EXP-LOAD, 2023-07-18T11:36:13.314, ubuntu22-c, mtd-zk-0, 0.208374
EXP-LEAD, 2023-07-18T11:36:13.355, ubuntu22-c, mtd-zk-0, START
EXP-LEAD, 2023-07-18T11:36:18.865, ubuntu22-c, mtd-zk-0, END
EXP-LOAD, 2023-07-18T11:36:19.915, ubuntu22-c, mtd-zk-0, 0.184516
EXP-LOAD, 2023-07-18T11:36:30.085, ubuntu22-c, mtd-zk-0, 0.184516
EXP-LEAD, 2023-07-18T11:36:32.067, ubuntu22-c, mtd-zk-0, START
EXP-LEAD, 2023-07-18T11:36:36.422, ubuntu22-c, mtd-zk-0, END
EXP-LOAD, 2023-07-18T11:36:37.506, ubuntu22-c, mtd-zk-0, 0.168418
EXP-LOAD, 2023-07-18T11:36:49.222, ubuntu22-c, mtd-zk-0, 0.148915
EXP-LOAD, 2023-07-18T11:36:55.291, ubuntu22-c, mtd-zk-0, 0.148915
EXP-LEAD, 2023-07-18T11:36:57.322, ubuntu22-c, mtd-zk-0, START
EXP-LEAD, 2023-07-18T11:37:02.754, ubuntu22-c, mtd-zk-0, END
EXP-LOAD, 2023-07-18T11:37:03.792, ubuntu22-c, mtd-zk-0, 0.148915
EXP-LOAD, 2023-07-18T11:37:15.536, ubuntu22-c, mtd-zk-0, 0.092826
EXP-LEAD, 2023-07-18T11:37:16.571, ubuntu22-c, mtd-zk-0, START
EXP-LEAD, 2023-07-18T11:37:22.070, ubuntu22-c, mtd-zk-0, END
EXP-LOAD, 2023-07-18T11:37:23.110, ubuntu22-c, mtd-zk-0, 0.189654
EXP-LOAD, 2023-07-18T11:37:29.246, ubuntu22-c, mtd-zk-0, 0.189654
EXP-LEAD, 2023-07-18T11:37:31.292, ubuntu22-c, mtd-zk-0, START
EXP-LEAD, 2023-07-18T11:37:38.843, ubuntu22-c, mtd-zk-0, END
EXP-LOAD, 2023-07-18T11:37:39.911, ubuntu22-c, mtd-zk-0, 0.195224
EXP-LOAD, 2023-07-18T11:37:47.501, ubuntu22-c, mtd-zk-0, 0.195224
EXP-LOAD, 2023-07-18T11:37:54.590, ubuntu22-c, mtd-zk-0, 0.190566
EXP-LEAD, 2023-07-18T11:37:57.627, ubuntu22-c, mtd-zk-0, START
EXP-LEAD, 2023-07-18T11:38:05.145, ubuntu22-c, mtd-zk-0, END
EXP-LOAD, 2023-07-18T11:38:06.216, ubuntu22-c, mtd-zk-0, 0.175820
EXP-LOAD, 2023-07-18T11:38:13.325, ubuntu22-c, mtd-zk-0, 0.175820
EXP-LEAD, 2023-07-18T11:38:14.372, ubuntu22-c, mtd-zk-0, START
EXP-LEAD, 2023-07-18T11:38:21.891, ubuntu22-c, mtd-zk-0, END
EXP-LOAD, 2023-07-18T11:38:22.950, ubuntu22-c, mtd-zk-0, 0.182635
EXP-LOAD, 2023-07-18T11:38:31.536, ubuntu22-c, mtd-zk-0, 0.182635
EXP-LOAD, 2023-07-18T11:38:38.633, ubuntu22-c, mtd-zk-0, 0.212227
EXP-LEAD, 2023-07-18T11:38:40.739, ubuntu22-c, mtd-zk-0, START
EXP-LEAD, 2023-07-18T11:38:45.152, ubuntu22-c, mtd-zk-0, END
EXP-LOAD, 2023-07-18T11:38:46.201, ubuntu22-c, mtd-zk-0, 0.212227
EXP-LOAD, 2023-07-18T11:38:52.300, ubuntu22-c, mtd-zk-0, 0.189349
EXP-LEAD, 2023-07-18T11:38:54.327, ubuntu22-c, mtd-zk-0, START
EXP-LEAD, 2023-07-18T11:38:58.785, ubuntu22-c, mtd-zk-0, END
EXP-LOAD, 2023-07-18T11:38:59.832, ubuntu22-c, mtd-zk-0, 0.189349
EXP-LEAD, 2023-07-18T11:39:01.425, ubuntu22-c, mtd-zk-0, START
EXP-LEAD, 2023-07-18T11:39:05.950, ubuntu22-c, mtd-zk-0, END
EXP-LOAD, 2023-07-18T11:39:07.020, ubuntu22-c, mtd-zk-0, 0.289822
EXP-LOAD, 2023-07-18T11:39:18.646, ubuntu22-c, mtd-zk-0, 0.289822
EXP-LOAD, 2023-07-18T11:39:24.731, ubuntu22-c, mtd-zk-0, 0.169075
EXP-LEAD, 2023-07-18T11:39:25.763, ubuntu22-c, mtd-zk-0, START
EXP-LEAD, 2023-07-18T11:39:30.211, ubuntu22-c, mtd-zk-0, END
EXP-LOAD, 2023-07-18T11:39:31.277, ubuntu22-c, mtd-zk-0, 0.169075
EXP-LEAD, 2023-07-18T11:39:32.308, ubuntu22-c, mtd-zk-0, START
EXP-LEAD, 2023-07-18T11:39:40.951, ubuntu22-c, mtd-zk-0, END
EXP-LOAD, 2023-07-18T11:39:42.011, ubuntu22-c, mtd-zk-0, 0.217224
EXP-LOAD, 2023-07-18T11:39:49.505, ubuntu22-c, mtd-zk-0, 0.195741
EXP-LOAD, 2023-07-18T11:40:00.680, ubuntu22-c, mtd-zk-0, 0.195741
EXP-LEAD, 2023-07-18T11:40:01.708, ubuntu22-c, mtd-zk-0, START
EXP-LEAD, 2023-07-18T11:40:06.255, ubuntu22-c, mtd-zk-0, END
EXP-LOAD, 2023-07-18T11:40:07.314, ubuntu22-c, mtd-zk-0, 0.142284
EXP-LOAD, 2023-07-18T11:40:18.872, ubuntu22-c, mtd-zk-0, 0.142284
EXP-LEAD, 2023-07-18T11:40:19.905, ubuntu22-c, mtd-zk-0, START
EXP-LEAD, 2023-07-18T11:40:24.289, ubuntu22-c, mtd-zk-0, END
EXP-LOAD, 2023-07-18T11:40:25.344, ubuntu22-c, mtd-zk-0, 0.105553
EXP-LEAD, 2023-07-18T11:40:26.374, ubuntu22-c, mtd-zk-0, START
EXP-LEAD, 2023-07-18T11:40:31.903, ubuntu22-c, mtd-zk-0, END
EXP-LOAD, 2023-07-18T11:40:32.964, ubuntu22-c, mtd-zk-0, 0.105553
EXP-LEAD, 2023-07-18T11:40:34.461, ubuntu22-c, mtd-zk-0, START
EXP-LEAD, 2023-07-18T11:40:41.916, ubuntu22-c, mtd-zk-0, END
EXP-LOAD, 2023-07-18T11:40:42.980, ubuntu22-c, mtd-zk-0, 0.188451
EXP-LEAD, 2023-07-18T11:40:43.007, ubuntu22-c, mtd-zk-0, START
EXP-LEAD, 2023-07-18T11:40:47.491, ubuntu22-c, mtd-zk-0, END
EXP-LOAD, 2023-07-18T11:40:48.540, ubuntu22-c, mtd-zk-0, 0.188451
EXP-LOAD, 2023-07-18T11:40:58.629, ubuntu22-c, mtd-zk-0, 0.152231
EXP-LEAD, 2023-07-18T11:40:58.659, ubuntu22-c, mtd-zk-0, START
EXP-LEAD, 2023-07-18T11:41:03.356, ubuntu22-c, mtd-zk-0, END
EXP-LOAD, 2023-07-18T11:41:04.421, ubuntu22-c, mtd-zk-0, 0.096426
EXP-LEAD, 2023-07-18T11:41:05.751, ubuntu22-c, mtd-zk-0, START
EXP-LEAD, 2023-07-18T11:41:13.238, ubuntu22-c, mtd-zk-0, END
EXP-LOAD, 2023-07-18T11:41:14.290, ubuntu22-c, mtd-zk-0, 0.096426
EXP-LEAD, 2023-07-18T11:41:14.322, ubuntu22-c, mtd-zk-0, START
EXP-LEAD, 2023-07-18T11:41:18.769, ubuntu22-c, mtd-zk-0, END
EXP-LOAD, 2023-07-18T11:41:19.833, ubuntu22-c, mtd-zk-0, 0.183125
EXP-LOAD, 2023-07-18T11:41:30.945, ubuntu22-c, mtd-zk-0, 0.183125
EXP-LOAD, 2023-07-18T11:41:39.018, ubuntu22-c, mtd-zk-0, 0.097608
EXP-LEAD, 2023-07-18T11:41:40.075, ubuntu22-c, mtd-zk-0, START
EXP-LEAD, 2023-07-18T11:41:44.523, ubuntu22-c, mtd-zk-0, END
EXP-LOAD, 2023-07-18T11:41:45.591, ubuntu22-c, mtd-zk-0, 0.097608
EXP-LOAD, 2023-07-18T11:41:52.259, ubuntu22-c, mtd-zk-0, 0.143734
EXP-LOAD, 2023-07-18T11:41:59.327, ubuntu22-c, mtd-zk-0, 0.143734
EXP-LEAD, 2023-07-18T11:42:01.344, ubuntu22-c, mtd-zk-0, START
EXP-LEAD, 2023-07-18T11:42:05.923, ubuntu22-c, mtd-zk-0, END
EXP-LOAD, 2023-07-18T11:42:06.969, ubuntu22-c, mtd-zk-0, 0.285026
EXP-LOAD, 2023-07-18T11:42:14.511, ubuntu22-c, mtd-zk-0, 0.285026
EXP-LOAD, 2023-07-18T11:42:24.700, ubuntu22-c, mtd-zk-0, 0.211963
EXP-LEAD, 2023-07-18T11:42:26.722, ubuntu22-c, mtd-zk-0, START
EXP-LEAD, 2023-07-18T11:42:32.231, ubuntu22-c, mtd-zk-0, END
EXP-LOAD, 2023-07-18T11:42:33.282, ubuntu22-c, mtd-zk-0, 0.211963
EXP-LEAD, 2023-07-18T11:42:34.812, ubuntu22-c, mtd-zk-0, START
EXP-LEAD, 2023-07-18T11:42:43.266, ubuntu22-c, mtd-zk-0, END
EXP-LOAD, 2023-07-18T11:42:44.327, ubuntu22-c, mtd-zk-0, 0.141233
EXP-LOAD, 2023-07-18T11:42:53.376, ubuntu22-c, mtd-zk-0, 0.227010
EXP-LOAD, 2023-07-18T11:43:04.469, ubuntu22-c, mtd-zk-0, 0.132422
EXP-LOAD, 2023-07-18T11:43:11.564, ubuntu22-c, mtd-zk-0, 0.132422
EXP-LEAD, 2023-07-18T11:43:13.599, ubuntu22-c, mtd-zk-0, START
EXP-LEAD, 2023-07-18T11:43:21.052, ubuntu22-c, mtd-zk-0, END
EXP-LOAD, 2023-07-18T11:43:22.106, ubuntu22-c, mtd-zk-0, 0.091027
EXP-LEAD, 2023-07-18T11:43:23.124, ubuntu22-c, mtd-zk-0, START
EXP-LEAD, 2023-07-18T11:43:28.671, ubuntu22-c, mtd-zk-0, END
EXP-LOAD, 2023-07-18T11:43:29.713, ubuntu22-c, mtd-zk-0, 0.091027
EXP-LEAD, 2023-07-18T11:43:31.242, ubuntu22-c, mtd-zk-0, START
EXP-LEAD, 2023-07-18T11:43:41.977, ubuntu22-c, mtd-zk-0, END
EXP-LOAD, 2023-07-18T11:43:43.036, ubuntu22-c, mtd-zk-0, 0.160020
EXP-LEAD, 2023-07-18T11:43:44.322, ubuntu22-c, mtd-zk-0, START
EXP-LEAD, 2023-07-18T11:43:49.832, ubuntu22-c, mtd-zk-0, END
EXP-LOAD, 2023-07-18T11:43:50.871, ubuntu22-c, mtd-zk-0, 0.163715
EXP-LOAD, 2023-07-18T11:43:58.481, ubuntu22-c, mtd-zk-0, 0.163715
EXP-LOAD, 2023-07-18T11:44:10.606, ubuntu22-c, mtd-zk-0, 0.172645
EXP-LEAD, 2023-07-18T11:44:13.635, ubuntu22-c, mtd-zk-0, START
EXP-LEAD, 2023-07-18T11:44:18.132, ubuntu22-c, mtd-zk-0, END
EXP-LOAD, 2023-07-18T11:44:19.164, ubuntu22-c, mtd-zk-0, 0.197240
EXP-LOAD, 2023-07-18T11:44:29.770, ubuntu22-c, mtd-zk-0, 0.197240
EXP-LOAD, 2023-07-18T11:44:35.888, ubuntu22-c, mtd-zk-0, 0.132612
EXP-LOAD, 2023-07-18T11:44:49.339, ubuntu22-c, mtd-zk-0, 0.191525
EXP-LOAD, 2023-07-18T11:44:57.431, ubuntu22-c, mtd-zk-0, 0.191525
EXP-LEAD, 2023-07-18T11:44:59.461, ubuntu22-c, mtd-zk-0, START
EXP-LEAD, 2023-07-18T11:45:05.018, ubuntu22-c, mtd-zk-0, END
EXP-LOAD, 2023-07-18T11:45:06.116, ubuntu22-c, mtd-zk-0, 0.220859
EXP-LEAD, 2023-07-18T11:45:08.764, ubuntu22-c, mtd-zk-0, START
EXP-LEAD, 2023-07-18T11:45:18.421, ubuntu22-c, mtd-zk-0, END
EXP-LOAD, 2023-07-18T11:45:19.524, ubuntu22-c, mtd-zk-0, 0.139724
EXP-LOAD, 2023-07-18T11:45:27.944, ubuntu22-c, mtd-zk-0, 0.139724
EXP-LEAD, 2023-07-18T11:45:29.407, ubuntu22-c, mtd-zk-0, START
EXP-LEAD, 2023-07-18T11:45:36.905, ubuntu22-c, mtd-zk-0, END
EXP-LOAD, 2023-07-18T11:45:37.950, ubuntu22-c, mtd-zk-0, 0.186615
EXP-LOAD, 2023-07-18T11:45:45.600, ubuntu22-c, mtd-zk-0, 0.186615
EXP-LEAD, 2023-07-18T11:45:47.626, ubuntu22-c, mtd-zk-0, START
EXP-LEAD, 2023-07-18T11:45:57.179, ubuntu22-c, mtd-zk-0, END
EXP-LOAD, 2023-07-18T11:45:58.242, ubuntu22-c, mtd-zk-0, 0.207934
EXP-LOAD, 2023-07-18T11:46:06.847, ubuntu22-c, mtd-zk-0, 0.103632
EXP-LOAD, 2023-07-18T11:46:16.938, ubuntu22-c, mtd-zk-0, 0.103632
EXP-LEAD, 2023-07-18T11:46:17.990, ubuntu22-c, mtd-zk-0, START
EXP-LEAD, 2023-07-18T11:46:23.459, ubuntu22-c, mtd-zk-0, END
EXP-LOAD, 2023-07-18T11:46:24.505, ubuntu22-c, mtd-zk-0, 0.126617
EXP-LEAD, 2023-07-18T11:46:27.096, ubuntu22-c, mtd-zk-0, START
EXP-LEAD, 2023-07-18T11:46:34.550, ubuntu22-c, mtd-zk-0, END
EXP-LOAD, 2023-07-18T11:46:35.598, ubuntu22-c, mtd-zk-0, 0.116215
EXP-LEAD, 2023-07-18T11:46:37.208, ubuntu22-c, mtd-zk-0, START
EXP-LEAD, 2023-07-18T11:46:42.610, ubuntu22-c, mtd-zk-0, END
EXP-LOAD, 2023-07-18T11:46:43.668, ubuntu22-c, mtd-zk-0, 0.116215
EXP-LEAD, 2023-07-18T11:46:45.280, ubuntu22-c, mtd-zk-0, START
EXP-LEAD, 2023-07-18T11:46:53.796, ubuntu22-c, mtd-zk-0, END
EXP-LOAD, 2023-07-18T11:46:54.836, ubuntu22-c, mtd-zk-0, 0.143929
EXP-LEAD, 2023-07-18T11:46:57.374, ubuntu22-c, mtd-zk-0, START
EXP-LEAD, 2023-07-18T11:47:01.861, ubuntu22-c, mtd-zk-0, END
EXP-LOAD, 2023-07-18T11:47:02.934, ubuntu22-c, mtd-zk-0, 0.143929
EXP-LOAD, 2023-07-18T11:47:13.559, ubuntu22-c, mtd-zk-0, 0.116044
EXP-LOAD, 2023-07-18T11:47:20.678, ubuntu22-c, mtd-zk-0, 0.186508
EXP-LEAD, 2023-07-18T11:47:22.071, ubuntu22-c, mtd-zk-0, START
EXP-LEAD, 2023-07-18T11:47:30.675, ubuntu22-c, mtd-zk-0, END
EXP-LOAD, 2023-07-18T11:47:31.744, ubuntu22-c, mtd-zk-0, 0.186508
EXP-LOAD, 2023-07-18T11:47:38.207, ubuntu22-c, mtd-zk-0, 0.166255
EXP-LOAD, 2023-07-18T11:47:45.717, ubuntu22-c, mtd-zk-0, 0.166255
EXP-LEAD, 2023-07-18T11:47:46.746, ubuntu22-c, mtd-zk-0, START
EXP-LEAD, 2023-07-18T11:47:55.330, ubuntu22-c, mtd-zk-0, END
EXP-LOAD, 2023-07-18T11:47:56.387, ubuntu22-c, mtd-zk-0, 0.198865
EXP-LEAD, 2023-07-18T11:47:58.869, ubuntu22-c, mtd-zk-0, START
EXP-LEAD, 2023-07-18T11:48:03.237, ubuntu22-c, mtd-zk-0, END
EXP-LOAD, 2023-07-18T11:48:04.278, ubuntu22-c, mtd-zk-0, 0.165813
EXP-LOAD, 2023-07-18T11:48:12.044, ubuntu22-c, mtd-zk-0, 0.165813
EXP-LOAD, 2023-07-18T11:48:20.551, ubuntu22-c, mtd-zk-0, 0.155120
EXP-LOAD, 2023-07-18T11:48:32.005, ubuntu22-c, mtd-zk-0, 0.155120
EXP-LOAD, 2023-07-18T11:48:39.088, ubuntu22-c, mtd-zk-0, 0.147219
EXP-LEAD, 2023-07-18T11:48:40.125, ubuntu22-c, mtd-zk-0, START
EXP-LEAD, 2023-07-18T11:48:46.771, ubuntu22-c, mtd-zk-0, END
EXP-LOAD, 2023-07-18T11:48:47.846, ubuntu22-c, mtd-zk-0, 0.147219
EXP-LEAD, 2023-07-18T11:48:48.870, ubuntu22-c, mtd-zk-0, START
EXP-LEAD, 2023-07-18T11:48:54.340, ubuntu22-c, mtd-zk-0, END
EXP-LOAD, 2023-07-18T11:48:55.386, ubuntu22-c, mtd-zk-0, 0.151151
EXP-LEAD, 2023-07-18T11:48:56.971, ubuntu22-c, mtd-zk-0, START
EXP-LEAD, 2023-07-18T11:49:01.511, ubuntu22-c, mtd-zk-0, END
EXP-LOAD, 2023-07-18T11:49:02.564, ubuntu22-c, mtd-zk-0, 0.151151
EXP-LEAD, 2023-07-18T11:49:04.057, ubuntu22-c, mtd-zk-0, START
EXP-LEAD, 2023-07-18T11:49:12.606, ubuntu22-c, mtd-zk-0, END
EXP-LOAD, 2023-07-18T11:49:13.689, ubuntu22-c, mtd-zk-0, 0.245018
EXP-LOAD, 2023-07-18T11:49:21.233, ubuntu22-c, mtd-zk-0, 0.178155
EXP-LOAD, 2023-07-18T11:49:31.332, ubuntu22-c, mtd-zk-0, 0.178155
EXP-LEAD, 2023-07-18T11:49:32.364, ubuntu22-c, mtd-zk-0, START
EXP-LEAD, 2023-07-18T11:49:36.858, ubuntu22-c, mtd-zk-0, END
EXP-LOAD, 2023-07-18T11:49:37.935, ubuntu22-c, mtd-zk-0, 0.106619
EXP-LOAD, 2023-07-18T11:49:48.555, ubuntu22-c, mtd-zk-0, 0.106619
EXP-LEAD, 2023-07-18T11:49:49.577, ubuntu22-c, mtd-zk-0, START
EXP-LEAD, 2023-07-18T11:49:54.096, ubuntu22-c, mtd-zk-0, END
EXP-LOAD, 2023-07-18T11:49:55.137, ubuntu22-c, mtd-zk-0, 0.136123
EXP-LEAD, 2023-07-18T11:49:56.719, ubuntu22-c, mtd-zk-0, START
EXP-LEAD, 2023-07-18T11:50:05.253, ubuntu22-c, mtd-zk-0, END
EXP-LOAD, 2023-07-18T11:50:06.305, ubuntu22-c, mtd-zk-0, 0.260038
EXP-LOAD, 2023-07-18T11:50:13.430, ubuntu22-c, mtd-zk-0, 0.260038
EXP-LEAD, 2023-07-18T11:50:14.458, ubuntu22-c, mtd-zk-0, START
EXP-LEAD, 2023-07-18T11:50:26.126, ubuntu22-c, mtd-zk-0, END
EXP-LOAD, 2023-07-18T11:50:27.196, ubuntu22-c, mtd-zk-0, 0.121838
EXP-LEAD, 2023-07-18T11:50:28.549, ubuntu22-c, mtd-zk-0, START
EXP-LEAD, 2023-07-18T11:50:32.989, ubuntu22-c, mtd-zk-0, END
EXP-LOAD, 2023-07-18T11:50:34.038, ubuntu22-c, mtd-zk-0, 0.130612
EXP-LOAD, 2023-07-18T11:50:40.154, ubuntu22-c, mtd-zk-0, 0.130612
EXP-LOAD, 2023-07-18T11:50:48.236, ubuntu22-c, mtd-zk-0, 0.130612
EXP-LOAD, 2023-07-18T11:50:59.365, ubuntu22-c, mtd-zk-0, 0.211561
EXP-LOAD, 2023-07-18T11:51:07.467, ubuntu22-c, mtd-zk-0, 0.185049
EXP-LOAD, 2023-07-18T11:51:12.593, ubuntu22-c, mtd-zk-0, 0.185049
EXP-LEAD, 2023-07-18T11:51:14.621, ubuntu22-c, mtd-zk-0, START
EXP-LEAD, 2023-07-18T11:51:19.111, ubuntu22-c, mtd-zk-0, END
EXP-LOAD, 2023-07-18T11:51:20.152, ubuntu22-c, mtd-zk-0, 0.239189
EXP-LOAD, 2023-07-18T11:51:26.287, ubuntu22-c, mtd-zk-0, 0.239189
EXP-LOAD, 2023-07-18T11:51:38.354, ubuntu22-c, mtd-zk-0, 0.201828
EXP-LOAD, 2023-07-18T11:51:45.504, ubuntu22-c, mtd-zk-0, 0.201828
EXP-LOAD, 2023-07-18T11:51:55.608, ubuntu22-c, mtd-zk-0, 0.145924
EXP-LEAD, 2023-07-18T11:51:56.634, ubuntu22-c, mtd-zk-0, START
EXP-LEAD, 2023-07-18T11:52:02.111, ubuntu22-c, mtd-zk-0, END
EXP-LOAD, 2023-07-18T11:52:03.176, ubuntu22-c, mtd-zk-0, 0.145924
EXP-LEAD, 2023-07-18T11:52:03.733, ubuntu22-c, mtd-zk-0, START
EXP-LEAD, 2023-07-18T11:52:08.201, ubuntu22-c, mtd-zk-0, END
EXP-LOAD, 2023-07-18T11:52:09.266, ubuntu22-c, mtd-zk-0, 0.261274
EXP-LOAD, 2023-07-18T11:52:21.897, ubuntu22-c, mtd-zk-0, 0.177028
EXP-LEAD, 2023-07-18T11:52:22.925, ubuntu22-c, mtd-zk-0, START
EXP-LEAD, 2023-07-18T11:52:27.410, ubuntu22-c, mtd-zk-0, END
EXP-LOAD, 2023-07-18T11:52:28.458, ubuntu22-c, mtd-zk-0, 0.177028
EXP-LEAD, 2023-07-18T11:52:29.042, ubuntu22-c, mtd-zk-0, START
EXP-LEAD, 2023-07-18T11:52:33.548, ubuntu22-c, mtd-zk-0, END
EXP-LOAD, 2023-07-18T11:52:34.594, ubuntu22-c, mtd-zk-0, 0.192507
EXP-LOAD, 2023-07-18T11:52:41.216, ubuntu22-c, mtd-zk-0, 0.192507
EXP-LEAD, 2023-07-18T11:52:43.221, ubuntu22-c, mtd-zk-0, START
EXP-LEAD, 2023-07-18T11:52:47.641, ubuntu22-c, mtd-zk-0, END
EXP-LOAD, 2023-07-18T11:52:48.697, ubuntu22-c, mtd-zk-0, 0.192507
EXP-LOAD, 2023-07-18T11:52:59.379, ubuntu22-c, mtd-zk-0, 0.238422
EXP-LEAD, 2023-07-18T11:53:00.494, ubuntu22-c, mtd-zk-0, START
EXP-LEAD, 2023-07-18T11:53:05.998, ubuntu22-c, mtd-zk-0, END
EXP-LOAD, 2023-07-18T11:53:07.054, ubuntu22-c, mtd-zk-0, 0.196415
EXP-LEAD, 2023-07-18T11:53:07.578, ubuntu22-c, mtd-zk-0, START
EXP-LEAD, 2023-07-18T11:53:13.047, ubuntu22-c, mtd-zk-0, END
EXP-LOAD, 2023-07-18T11:53:14.090, ubuntu22-c, mtd-zk-0, 0.196415
EXP-LEAD, 2023-07-18T11:53:15.658, ubuntu22-c, mtd-zk-0, START
EXP-LEAD, 2023-07-18T11:53:20.052, ubuntu22-c, mtd-zk-0, END
EXP-LOAD, 2023-07-18T11:53:21.098, ubuntu22-c, mtd-zk-0, 0.272578
EXP-LOAD, 2023-07-18T11:53:32.831, ubuntu22-c, mtd-zk-0, 0.272578
EXP-LEAD, 2023-07-18T11:53:33.854, ubuntu22-c, mtd-zk-0, START
EXP-LEAD, 2023-07-18T11:53:39.322, ubuntu22-c, mtd-zk-0, END
EXP-LOAD, 2023-07-18T11:53:40.378, ubuntu22-c, mtd-zk-0, 0.124216
EXP-LOAD, 2023-07-18T11:53:51.021, ubuntu22-c, mtd-zk-0, 0.171751
EXP-LOAD, 2023-07-18T11:53:59.208, ubuntu22-c, mtd-zk-0, 0.171751
EXP-LEAD, 2023-07-18T11:54:00.239, ubuntu22-c, mtd-zk-0, START
