EXP-LOAD, 2023-07-19T11:33:41.775, ubuntu22-d, mtd-zk-2, 0.059930
EXP-LEAD, 2023-07-19T11:33:43.435, ubuntu22-d, mtd-zk-2, START
EXP-LEAD, 2023-07-19T11:33:50.161, ubuntu22-d, mtd-zk-2, END
EXP-LOAD, 2023-07-19T11:33:51.240, ubuntu22-d, mtd-zk-2, 0.275009
EXP-LEAD, 2023-07-19T11:33:53.761, ubuntu22-d, mtd-zk-2, START
EXP-LEAD, 2023-07-19T11:33:58.605, ubuntu22-d, mtd-zk-2, END
EXP-LOAD, 2023-07-19T11:33:59.680, ubuntu22-d, mtd-zk-2, 0.275009
EXP-LEAD, 2023-07-19T11:34:02.078, ubuntu22-d, mtd-zk-2, START
EXP-LEAD, 2023-07-19T11:34:09.840, ubuntu22-d, mtd-zk-2, END
EXP-LOAD, 2023-07-19T11:34:10.921, ubuntu22-d, mtd-zk-2, 0.321252
EXP-LEAD, 2023-07-19T11:34:12.353, ubuntu22-d, mtd-zk-2, START
EXP-LEAD, 2023-07-19T11:34:18.026, ubuntu22-d, mtd-zk-2, END
EXP-LOAD, 2023-07-19T11:34:19.096, ubuntu22-d, mtd-zk-2, 0.192831
EXP-LEAD, 2023-07-19T11:34:20.607, ubuntu22-d, mtd-zk-2, START
EXP-LEAD, 2023-07-19T11:34:26.218, ubuntu22-d, mtd-zk-2, END
EXP-LOAD, 2023-07-19T11:34:27.283, ubuntu22-d, mtd-zk-2, 0.192831
EXP-LEAD, 2023-07-19T11:34:28.850, ubuntu22-d, mtd-zk-2, START
EXP-LEAD, 2023-07-19T11:34:35.514, ubuntu22-d, mtd-zk-2, END
EXP-LOAD, 2023-07-19T11:34:36.583, ubuntu22-d, mtd-zk-2, 0.244532
EXP-LEAD, 2023-07-19T11:34:38.099, ubuntu22-d, mtd-zk-2, START
EXP-LEAD, 2023-07-19T11:34:42.720, ubuntu22-d, mtd-zk-2, END
EXP-LOAD, 2023-07-19T11:34:43.816, ubuntu22-d, mtd-zk-2, 0.244532
EXP-LEAD, 2023-07-19T11:34:44.866, ubuntu22-d, mtd-zk-2, START
EXP-LEAD, 2023-07-19T11:34:49.790, ubuntu22-d, mtd-zk-2, END
EXP-LOAD, 2023-07-19T11:34:50.846, ubuntu22-d, mtd-zk-2, 0.287035
EXP-LOAD, 2023-07-19T11:35:01.116, ubuntu22-d, mtd-zk-2, 0.287035
EXP-LEAD, 2023-07-19T11:35:02.168, ubuntu22-d, mtd-zk-2, START
EXP-LEAD, 2023-07-19T11:35:09.808, ubuntu22-d, mtd-zk-2, END
EXP-LOAD, 2023-07-19T11:35:10.874, ubuntu22-d, mtd-zk-2, 0.232860
EXP-LEAD, 2023-07-19T11:35:12.383, ubuntu22-d, mtd-zk-2, START
EXP-LEAD, 2023-07-19T11:35:16.941, ubuntu22-d, mtd-zk-2, END
EXP-LOAD, 2023-07-19T11:35:17.992, ubuntu22-d, mtd-zk-2, 0.232860
EXP-LEAD, 2023-07-19T11:35:19.893, ubuntu22-d, mtd-zk-2, START
EXP-LEAD, 2023-07-19T11:35:26.491, ubuntu22-d, mtd-zk-2, END
EXP-LOAD, 2023-07-19T11:35:27.608, ubuntu22-d, mtd-zk-2, 0.188025
EXP-LEAD, 2023-07-19T11:35:29.170, ubuntu22-d, mtd-zk-2, START
EXP-LEAD, 2023-07-19T11:35:34.577, ubuntu22-d, mtd-zk-2, END
EXP-LOAD, 2023-07-19T11:35:35.625, ubuntu22-d, mtd-zk-2, 0.219835
EXP-LEAD, 2023-07-19T11:35:36.299, ubuntu22-d, mtd-zk-2, START
EXP-LEAD, 2023-07-19T11:35:40.887, ubuntu22-d, mtd-zk-2, END
EXP-LOAD, 2023-07-19T11:35:41.960, ubuntu22-d, mtd-zk-2, 0.219835
EXP-LEAD, 2023-07-19T11:35:44.514, ubuntu22-d, mtd-zk-2, START
EXP-LEAD, 2023-07-19T11:35:51.992, ubuntu22-d, mtd-zk-2, END
EXP-LOAD, 2023-07-19T11:35:53.048, ubuntu22-d, mtd-zk-2, 0.269244
EXP-LEAD, 2023-07-19T11:35:55.730, ubuntu22-d, mtd-zk-2, START
EXP-LEAD, 2023-07-19T11:36:00.178, ubuntu22-d, mtd-zk-2, END
EXP-LOAD, 2023-07-19T11:36:01.219, ubuntu22-d, mtd-zk-2, 0.269244
EXP-LEAD, 2023-07-19T11:36:03.907, ubuntu22-d, mtd-zk-2, START
EXP-LEAD, 2023-07-19T11:36:10.613, ubuntu22-d, mtd-zk-2, END
EXP-LOAD, 2023-07-19T11:36:11.665, ubuntu22-d, mtd-zk-2, 0.240737
EXP-LOAD, 2023-07-19T11:36:21.196, ubuntu22-d, mtd-zk-2, 0.203441
EXP-LEAD, 2023-07-19T11:36:23.252, ubuntu22-d, mtd-zk-2, START
EXP-LEAD, 2023-07-19T11:36:30.796, ubuntu22-d, mtd-zk-2, END
EXP-LOAD, 2023-07-19T11:36:31.855, ubuntu22-d, mtd-zk-2, 0.203441
EXP-LEAD, 2023-07-19T11:36:33.454, ubuntu22-d, mtd-zk-2, START
EXP-LEAD, 2023-07-19T11:36:38.918, ubuntu22-d, mtd-zk-2, END
EXP-LOAD, 2023-07-19T11:36:39.989, ubuntu22-d, mtd-zk-2, 0.180843
EXP-LEAD, 2023-07-19T11:36:41.629, ubuntu22-d, mtd-zk-2, START
EXP-LEAD, 2023-07-19T11:36:48.190, ubuntu22-d, mtd-zk-2, END
EXP-LOAD, 2023-07-19T11:36:49.255, ubuntu22-d, mtd-zk-2, 0.153821
EXP-LEAD, 2023-07-19T11:36:50.795, ubuntu22-d, mtd-zk-2, START
EXP-LEAD, 2023-07-19T11:36:56.243, ubuntu22-d, mtd-zk-2, END
EXP-LOAD, 2023-07-19T11:36:57.318, ubuntu22-d, mtd-zk-2, 0.153821
EXP-LEAD, 2023-07-19T11:36:59.068, ubuntu22-d, mtd-zk-2, START
EXP-LEAD, 2023-07-19T11:37:04.791, ubuntu22-d, mtd-zk-2, END
EXP-LOAD, 2023-07-19T11:37:05.846, ubuntu22-d, mtd-zk-2, 0.192442
EXP-LEAD, 2023-07-19T11:37:07.214, ubuntu22-d, mtd-zk-2, START
EXP-LEAD, 2023-07-19T11:37:12.720, ubuntu22-d, mtd-zk-2, END
EXP-LOAD, 2023-07-19T11:37:13.772, ubuntu22-d, mtd-zk-2, 0.192442
EXP-LEAD, 2023-07-19T11:37:15.376, ubuntu22-d, mtd-zk-2, START
EXP-LEAD, 2023-07-19T11:37:22.936, ubuntu22-d, mtd-zk-2, END
EXP-LOAD, 2023-07-19T11:37:23.977, ubuntu22-d, mtd-zk-2, 0.192255
EXP-LEAD, 2023-07-19T11:37:25.495, ubuntu22-d, mtd-zk-2, START
EXP-LEAD, 2023-07-19T11:37:30.921, ubuntu22-d, mtd-zk-2, END
EXP-LOAD, 2023-07-19T11:37:31.972, ubuntu22-d, mtd-zk-2, 0.192255
EXP-LEAD, 2023-07-19T11:37:32.720, ubuntu22-d, mtd-zk-2, START
EXP-LEAD, 2023-07-19T11:37:40.283, ubuntu22-d, mtd-zk-2, END
EXP-LOAD, 2023-07-19T11:37:41.369, ubuntu22-d, mtd-zk-2, 0.182946
EXP-LEAD, 2023-07-19T11:37:42.829, ubuntu22-d, mtd-zk-2, START
EXP-LEAD, 2023-07-19T11:37:48.324, ubuntu22-d, mtd-zk-2, END
EXP-LOAD, 2023-07-19T11:37:49.365, ubuntu22-d, mtd-zk-2, 0.160850
EXP-LEAD, 2023-07-19T11:37:50.974, ubuntu22-d, mtd-zk-2, START
EXP-LEAD, 2023-07-19T11:37:56.439, ubuntu22-d, mtd-zk-2, END
EXP-LOAD, 2023-07-19T11:37:57.501, ubuntu22-d, mtd-zk-2, 0.160850
EXP-LOAD, 2023-07-19T11:38:09.219, ubuntu22-d, mtd-zk-2, 0.215454
EXP-LEAD, 2023-07-19T11:38:11.554, ubuntu22-d, mtd-zk-2, START
EXP-LEAD, 2023-07-19T11:38:17.015, ubuntu22-d, mtd-zk-2, END
EXP-LOAD, 2023-07-19T11:38:18.057, ubuntu22-d, mtd-zk-2, 0.215454
EXP-LEAD, 2023-07-19T11:38:19.702, ubuntu22-d, mtd-zk-2, START
EXP-LEAD, 2023-07-19T11:38:25.295, ubuntu22-d, mtd-zk-2, END
EXP-LOAD, 2023-07-19T11:38:26.358, ubuntu22-d, mtd-zk-2, 0.108039
EXP-LEAD, 2023-07-19T11:38:28.805, ubuntu22-d, mtd-zk-2, START
EXP-LEAD, 2023-07-19T11:38:34.287, ubuntu22-d, mtd-zk-2, END
EXP-LOAD, 2023-07-19T11:38:35.324, ubuntu22-d, mtd-zk-2, 0.247449
EXP-LEAD, 2023-07-19T11:38:36.970, ubuntu22-d, mtd-zk-2, START
EXP-LEAD, 2023-07-19T11:38:42.440, ubuntu22-d, mtd-zk-2, END
EXP-LOAD, 2023-07-19T11:38:43.507, ubuntu22-d, mtd-zk-2, 0.247449
EXP-LEAD, 2023-07-19T11:38:43.558, ubuntu22-d, mtd-zk-2, START
EXP-LEAD, 2023-07-19T11:38:50.044, ubuntu22-d, mtd-zk-2, END
EXP-LOAD, 2023-07-19T11:38:51.096, ubuntu22-d, mtd-zk-2, 0.197649
EXP-LEAD, 2023-07-19T11:38:53.693, ubuntu22-d, mtd-zk-2, START
EXP-LEAD, 2023-07-19T11:38:58.109, ubuntu22-d, mtd-zk-2, END
EXP-LOAD, 2023-07-19T11:38:59.168, ubuntu22-d, mtd-zk-2, 0.197649
EXP-LEAD, 2023-07-19T11:39:00.889, ubuntu22-d, mtd-zk-2, START
EXP-LEAD, 2023-07-19T11:39:06.475, ubuntu22-d, mtd-zk-2, END
EXP-LOAD, 2023-07-19T11:39:07.540, ubuntu22-d, mtd-zk-2, 0.216227
EXP-LEAD, 2023-07-19T11:39:09.031, ubuntu22-d, mtd-zk-2, START
EXP-LEAD, 2023-07-19T11:39:14.507, ubuntu22-d, mtd-zk-2, END
EXP-LOAD, 2023-07-19T11:39:15.565, ubuntu22-d, mtd-zk-2, 0.216227
EXP-LEAD, 2023-07-19T11:39:17.173, ubuntu22-d, mtd-zk-2, START
EXP-LEAD, 2023-07-19T11:39:25.724, ubuntu22-d, mtd-zk-2, END
EXP-LOAD, 2023-07-19T11:39:26.780, ubuntu22-d, mtd-zk-2, 0.245291
EXP-LEAD, 2023-07-19T11:39:27.827, ubuntu22-d, mtd-zk-2, START
EXP-LEAD, 2023-07-19T11:39:33.329, ubuntu22-d, mtd-zk-2, END
EXP-LOAD, 2023-07-19T11:39:34.397, ubuntu22-d, mtd-zk-2, 0.151846
EXP-LEAD, 2023-07-19T11:39:36.972, ubuntu22-d, mtd-zk-2, START
EXP-LEAD, 2023-07-19T11:39:44.486, ubuntu22-d, mtd-zk-2, END
EXP-LOAD, 2023-07-19T11:39:45.554, ubuntu22-d, mtd-zk-2, 0.151846
EXP-LEAD, 2023-07-19T11:39:47.200, ubuntu22-d, mtd-zk-2, START
EXP-LEAD, 2023-07-19T11:39:53.739, ubuntu22-d, mtd-zk-2, END
EXP-LOAD, 2023-07-19T11:39:54.795, ubuntu22-d, mtd-zk-2, 0.187156
EXP-LEAD, 2023-07-19T11:39:57.319, ubuntu22-d, mtd-zk-2, START
EXP-LEAD, 2023-07-19T11:40:04.872, ubuntu22-d, mtd-zk-2, END
EXP-LOAD, 2023-07-19T11:40:05.938, ubuntu22-d, mtd-zk-2, 0.182215
EXP-LEAD, 2023-07-19T11:40:07.519, ubuntu22-d, mtd-zk-2, START
EXP-LEAD, 2023-07-19T11:40:12.081, ubuntu22-d, mtd-zk-2, END
EXP-LOAD, 2023-07-19T11:40:13.147, ubuntu22-d, mtd-zk-2, 0.182215
EXP-LEAD, 2023-07-19T11:40:14.214, ubuntu22-d, mtd-zk-2, START
EXP-LEAD, 2023-07-19T11:40:23.938, ubuntu22-d, mtd-zk-2, END
EXP-LOAD, 2023-07-19T11:40:25.006, ubuntu22-d, mtd-zk-2, 0.202529
EXP-LEAD, 2023-07-19T11:40:27.050, ubuntu22-d, mtd-zk-2, START
EXP-LEAD, 2023-07-19T11:40:32.539, ubuntu22-d, mtd-zk-2, END
EXP-LOAD, 2023-07-19T11:40:33.585, ubuntu22-d, mtd-zk-2, 0.202529
EXP-LEAD, 2023-07-19T11:40:36.216, ubuntu22-d, mtd-zk-2, START
EXP-LEAD, 2023-07-19T11:40:41.678, ubuntu22-d, mtd-zk-2, END
EXP-LOAD, 2023-07-19T11:40:42.759, ubuntu22-d, mtd-zk-2, 0.133286
EXP-LEAD, 2023-07-19T11:40:44.402, ubuntu22-d, mtd-zk-2, START
EXP-LEAD, 2023-07-19T11:40:53.060, ubuntu22-d, mtd-zk-2, END
EXP-LOAD, 2023-07-19T11:40:54.170, ubuntu22-d, mtd-zk-2, 0.183941
EXP-LEAD, 2023-07-19T11:40:55.205, ubuntu22-d, mtd-zk-2, START
EXP-LEAD, 2023-07-19T11:41:00.648, ubuntu22-d, mtd-zk-2, END
EXP-LOAD, 2023-07-19T11:41:01.687, ubuntu22-d, mtd-zk-2, 0.183941
EXP-LEAD, 2023-07-19T11:41:04.358, ubuntu22-d, mtd-zk-2, START
EXP-LEAD, 2023-07-19T11:41:08.822, ubuntu22-d, mtd-zk-2, END
EXP-LOAD, 2023-07-19T11:41:09.882, ubuntu22-d, mtd-zk-2, 0.165844
EXP-LEAD, 2023-07-19T11:41:10.564, ubuntu22-d, mtd-zk-2, START
EXP-LEAD, 2023-07-19T11:41:15.980, ubuntu22-d, mtd-zk-2, END
EXP-LOAD, 2023-07-19T11:41:17.016, ubuntu22-d, mtd-zk-2, 0.165844
EXP-LEAD, 2023-07-19T11:41:19.719, ubuntu22-d, mtd-zk-2, START
EXP-LEAD, 2023-07-19T11:41:25.119, ubuntu22-d, mtd-zk-2, END
EXP-LOAD, 2023-07-19T11:41:26.183, ubuntu22-d, mtd-zk-2, 0.222725
EXP-LEAD, 2023-07-19T11:41:29.013, ubuntu22-d, mtd-zk-2, START
EXP-LEAD, 2023-07-19T11:41:34.419, ubuntu22-d, mtd-zk-2, END
EXP-LOAD, 2023-07-19T11:41:35.461, ubuntu22-d, mtd-zk-2, 0.246831
EXP-LEAD, 2023-07-19T11:41:36.496, ubuntu22-d, mtd-zk-2, START
EXP-LEAD, 2023-07-19T11:41:40.959, ubuntu22-d, mtd-zk-2, END
EXP-LOAD, 2023-07-19T11:41:42.026, ubuntu22-d, mtd-zk-2, 0.246831
EXP-LEAD, 2023-07-19T11:41:43.656, ubuntu22-d, mtd-zk-2, START
EXP-LEAD, 2023-07-19T11:41:51.196, ubuntu22-d, mtd-zk-2, END
EXP-LOAD, 2023-07-19T11:41:52.257, ubuntu22-d, mtd-zk-2, 0.196409
EXP-LEAD, 2023-07-19T11:41:53.811, ubuntu22-d, mtd-zk-2, START
EXP-LEAD, 2023-07-19T11:41:59.321, ubuntu22-d, mtd-zk-2, END
EXP-LOAD, 2023-07-19T11:42:00.374, ubuntu22-d, mtd-zk-2, 0.196409
EXP-LEAD, 2023-07-19T11:42:00.905, ubuntu22-d, mtd-zk-2, START
EXP-LEAD, 2023-07-19T11:42:08.440, ubuntu22-d, mtd-zk-2, END
EXP-LOAD, 2023-07-19T11:42:09.489, ubuntu22-d, mtd-zk-2, 0.183617
EXP-LEAD, 2023-07-19T11:42:10.042, ubuntu22-d, mtd-zk-2, START
EXP-LEAD, 2023-07-19T11:42:14.731, ubuntu22-d, mtd-zk-2, END
EXP-LOAD, 2023-07-19T11:42:15.776, ubuntu22-d, mtd-zk-2, 0.183617
EXP-LEAD, 2023-07-19T11:42:17.152, ubuntu22-d, mtd-zk-2, START
EXP-LEAD, 2023-07-19T11:42:22.635, ubuntu22-d, mtd-zk-2, END
EXP-LOAD, 2023-07-19T11:42:23.679, ubuntu22-d, mtd-zk-2, 0.255542
EXP-LEAD, 2023-07-19T11:42:25.254, ubuntu22-d, mtd-zk-2, START
EXP-LEAD, 2023-07-19T11:42:29.728, ubuntu22-d, mtd-zk-2, END
EXP-LOAD, 2023-07-19T11:42:30.786, ubuntu22-d, mtd-zk-2, 0.255542
EXP-LEAD, 2023-07-19T11:42:32.817, ubuntu22-d, mtd-zk-2, START
EXP-LEAD, 2023-07-19T11:42:37.268, ubuntu22-d, mtd-zk-2, END
EXP-LOAD, 2023-07-19T11:42:38.319, ubuntu22-d, mtd-zk-2, 0.219439
EXP-LEAD, 2023-07-19T11:42:39.968, ubuntu22-d, mtd-zk-2, START
EXP-LEAD, 2023-07-19T11:42:47.503, ubuntu22-d, mtd-zk-2, END
EXP-LOAD, 2023-07-19T11:42:48.559, ubuntu22-d, mtd-zk-2, 0.219439
EXP-LEAD, 2023-07-19T11:42:51.176, ubuntu22-d, mtd-zk-2, START
EXP-LEAD, 2023-07-19T11:42:56.617, ubuntu22-d, mtd-zk-2, END
EXP-LOAD, 2023-07-19T11:42:57.657, ubuntu22-d, mtd-zk-2, 0.186720
EXP-LEAD, 2023-07-19T11:43:00.325, ubuntu22-d, mtd-zk-2, START
EXP-LEAD, 2023-07-19T11:43:04.947, ubuntu22-d, mtd-zk-2, END
EXP-LOAD, 2023-07-19T11:43:06.098, ubuntu22-d, mtd-zk-2, 0.133416
EXP-LEAD, 2023-07-19T11:43:07.537, ubuntu22-d, mtd-zk-2, START
EXP-LEAD, 2023-07-19T11:43:17.103, ubuntu22-d, mtd-zk-2, END
EXP-LOAD, 2023-07-19T11:43:18.195, ubuntu22-d, mtd-zk-2, 0.133416
EXP-LEAD, 2023-07-19T11:43:19.737, ubuntu22-d, mtd-zk-2, START
EXP-LEAD, 2023-07-19T11:43:24.130, ubuntu22-d, mtd-zk-2, END
EXP-LOAD, 2023-07-19T11:43:25.185, ubuntu22-d, mtd-zk-2, 0.231126
EXP-LEAD, 2023-07-19T11:43:25.249, ubuntu22-d, mtd-zk-2, START
EXP-LEAD, 2023-07-19T11:43:30.725, ubuntu22-d, mtd-zk-2, END
EXP-LOAD, 2023-07-19T11:43:31.796, ubuntu22-d, mtd-zk-2, 0.231126
EXP-LEAD, 2023-07-19T11:43:32.836, ubuntu22-d, mtd-zk-2, START
EXP-LEAD, 2023-07-19T11:43:37.254, ubuntu22-d, mtd-zk-2, END
EXP-LOAD, 2023-07-19T11:43:38.292, ubuntu22-d, mtd-zk-2, 0.280872
EXP-LEAD, 2023-07-19T11:43:39.328, ubuntu22-d, mtd-zk-2, START
EXP-LEAD, 2023-07-19T11:43:49.000, ubuntu22-d, mtd-zk-2, END
EXP-LOAD, 2023-07-19T11:43:50.080, ubuntu22-d, mtd-zk-2, 0.181736
EXP-LEAD, 2023-07-19T11:43:52.549, ubuntu22-d, mtd-zk-2, START
EXP-LEAD, 2023-07-19T11:43:58.009, ubuntu22-d, mtd-zk-2, END
EXP-LOAD, 2023-07-19T11:43:59.070, ubuntu22-d, mtd-zk-2, 0.181736
EXP-LEAD, 2023-07-19T11:44:00.679, ubuntu22-d, mtd-zk-2, START
EXP-LEAD, 2023-07-19T11:44:08.235, ubuntu22-d, mtd-zk-2, END
EXP-LOAD, 2023-07-19T11:44:09.307, ubuntu22-d, mtd-zk-2, 0.170820
EXP-LEAD, 2023-07-19T11:44:10.797, ubuntu22-d, mtd-zk-2, START
EXP-LEAD, 2023-07-19T11:44:16.313, ubuntu22-d, mtd-zk-2, END
EXP-LOAD, 2023-07-19T11:44:17.375, ubuntu22-d, mtd-zk-2, 0.170820
EXP-LEAD, 2023-07-19T11:44:20.059, ubuntu22-d, mtd-zk-2, START
EXP-LEAD, 2023-07-19T11:44:26.871, ubuntu22-d, mtd-zk-2, END
EXP-LOAD, 2023-07-19T11:44:27.952, ubuntu22-d, mtd-zk-2, 0.157534
EXP-LEAD, 2023-07-19T11:44:29.224, ubuntu22-d, mtd-zk-2, START
EXP-LEAD, 2023-07-19T11:44:33.745, ubuntu22-d, mtd-zk-2, END
EXP-LOAD, 2023-07-19T11:44:34.784, ubuntu22-d, mtd-zk-2, 0.199067
EXP-LEAD, 2023-07-19T11:44:36.363, ubuntu22-d, mtd-zk-2, START
EXP-LEAD, 2023-07-19T11:44:44.873, ubuntu22-d, mtd-zk-2, END
EXP-LOAD, 2023-07-19T11:44:45.928, ubuntu22-d, mtd-zk-2, 0.199067
EXP-LEAD, 2023-07-19T11:44:47.471, ubuntu22-d, mtd-zk-2, START
EXP-LEAD, 2023-07-19T11:44:51.919, ubuntu22-d, mtd-zk-2, END
EXP-LOAD, 2023-07-19T11:44:52.961, ubuntu22-d, mtd-zk-2, 0.145245
EXP-LEAD, 2023-07-19T11:44:55.590, ubuntu22-d, mtd-zk-2, START
EXP-LEAD, 2023-07-19T11:45:03.140, ubuntu22-d, mtd-zk-2, END
EXP-LOAD, 2023-07-19T11:45:04.206, ubuntu22-d, mtd-zk-2, 0.169621
EXP-LEAD, 2023-07-19T11:45:05.275, ubuntu22-d, mtd-zk-2, START
EXP-LEAD, 2023-07-19T11:45:11.807, ubuntu22-d, mtd-zk-2, END
EXP-LOAD, 2023-07-19T11:45:12.844, ubuntu22-d, mtd-zk-2, 0.169621
EXP-LEAD, 2023-07-19T11:45:14.404, ubuntu22-d, mtd-zk-2, START
EXP-LEAD, 2023-07-19T11:45:22.008, ubuntu22-d, mtd-zk-2, END
EXP-LOAD, 2023-07-19T11:45:23.049, ubuntu22-d, mtd-zk-2, 0.116417
EXP-LEAD, 2023-07-19T11:45:25.557, ubuntu22-d, mtd-zk-2, START
EXP-LEAD, 2023-07-19T11:45:32.005, ubuntu22-d, mtd-zk-2, END
EXP-LOAD, 2023-07-19T11:45:33.053, ubuntu22-d, mtd-zk-2, 0.116417
EXP-LEAD, 2023-07-19T11:45:34.676, ubuntu22-d, mtd-zk-2, START
EXP-LEAD, 2023-07-19T11:45:45.251, ubuntu22-d, mtd-zk-2, END
EXP-LOAD, 2023-07-19T11:45:46.316, ubuntu22-d, mtd-zk-2, 0.128267
EXP-LEAD, 2023-07-19T11:45:48.885, ubuntu22-d, mtd-zk-2, START
EXP-LEAD, 2023-07-19T11:45:53.252, ubuntu22-d, mtd-zk-2, END
EXP-LOAD, 2023-07-19T11:45:54.284, ubuntu22-d, mtd-zk-2, 0.172336
EXP-LEAD, 2023-07-19T11:45:55.990, ubuntu22-d, mtd-zk-2, START
EXP-LEAD, 2023-07-19T11:46:02.439, ubuntu22-d, mtd-zk-2, END
EXP-LOAD, 2023-07-19T11:46:03.485, ubuntu22-d, mtd-zk-2, 0.172336
EXP-LEAD, 2023-07-19T11:46:06.145, ubuntu22-d, mtd-zk-2, START
EXP-LEAD, 2023-07-19T11:46:13.644, ubuntu22-d, mtd-zk-2, END
EXP-LOAD, 2023-07-19T11:46:14.713, ubuntu22-d, mtd-zk-2, 0.172214
EXP-LEAD, 2023-07-19T11:46:15.742, ubuntu22-d, mtd-zk-2, START
EXP-LEAD, 2023-07-19T11:46:21.328, ubuntu22-d, mtd-zk-2, END
EXP-LOAD, 2023-07-19T11:46:22.375, ubuntu22-d, mtd-zk-2, 0.192756
EXP-LEAD, 2023-07-19T11:46:24.939, ubuntu22-d, mtd-zk-2, START
EXP-LEAD, 2023-07-19T11:46:30.405, ubuntu22-d, mtd-zk-2, END
EXP-LOAD, 2023-07-19T11:46:31.484, ubuntu22-d, mtd-zk-2, 0.192756
EXP-LEAD, 2023-07-19T11:46:33.036, ubuntu22-d, mtd-zk-2, START
EXP-LEAD, 2023-07-19T11:46:41.553, ubuntu22-d, mtd-zk-2, END
EXP-LOAD, 2023-07-19T11:46:42.596, ubuntu22-d, mtd-zk-2, 0.165820
EXP-LEAD, 2023-07-19T11:46:44.202, ubuntu22-d, mtd-zk-2, START
EXP-LEAD, 2023-07-19T11:46:50.662, ubuntu22-d, mtd-zk-2, END
EXP-LOAD, 2023-07-19T11:46:51.729, ubuntu22-d, mtd-zk-2, 0.177533
EXP-LEAD, 2023-07-19T11:46:52.771, ubuntu22-d, mtd-zk-2, START
EXP-LEAD, 2023-07-19T11:47:00.231, ubuntu22-d, mtd-zk-2, END
EXP-LOAD, 2023-07-19T11:47:01.295, ubuntu22-d, mtd-zk-2, 0.177533
EXP-LEAD, 2023-07-19T11:47:02.907, ubuntu22-d, mtd-zk-2, START
EXP-LEAD, 2023-07-19T11:47:09.368, ubuntu22-d, mtd-zk-2, END
EXP-LOAD, 2023-07-19T11:47:10.410, ubuntu22-d, mtd-zk-2, 0.097256
EXP-LEAD, 2023-07-19T11:47:12.054, ubuntu22-d, mtd-zk-2, START
EXP-LEAD, 2023-07-19T11:47:19.807, ubuntu22-d, mtd-zk-2, END
EXP-LOAD, 2023-07-19T11:47:20.840, ubuntu22-d, mtd-zk-2, 0.152454
EXP-LEAD, 2023-07-19T11:47:22.175, ubuntu22-d, mtd-zk-2, START
EXP-LEAD, 2023-07-19T11:47:27.663, ubuntu22-d, mtd-zk-2, END
EXP-LOAD, 2023-07-19T11:47:28.713, ubuntu22-d, mtd-zk-2, 0.152454
EXP-LEAD, 2023-07-19T11:47:28.746, ubuntu22-d, mtd-zk-2, START
EXP-LEAD, 2023-07-19T11:47:34.273, ubuntu22-d, mtd-zk-2, END
EXP-LOAD, 2023-07-19T11:47:35.321, ubuntu22-d, mtd-zk-2, 0.243018
EXP-LEAD, 2023-07-19T11:47:37.872, ubuntu22-d, mtd-zk-2, START
EXP-LEAD, 2023-07-19T11:47:42.252, ubuntu22-d, mtd-zk-2, END
EXP-LOAD, 2023-07-19T11:47:43.287, ubuntu22-d, mtd-zk-2, 0.243018
EXP-LEAD, 2023-07-19T11:47:44.002, ubuntu22-d, mtd-zk-2, START
EXP-LEAD, 2023-07-19T11:47:49.400, ubuntu22-d, mtd-zk-2, END
EXP-LOAD, 2023-07-19T11:47:50.461, ubuntu22-d, mtd-zk-2, 0.206925
EXP-LEAD, 2023-07-19T11:47:53.190, ubuntu22-d, mtd-zk-2, START
EXP-LEAD, 2023-07-19T11:47:58.634, ubuntu22-d, mtd-zk-2, END
EXP-LOAD, 2023-07-19T11:47:59.679, ubuntu22-d, mtd-zk-2, 0.206925
EXP-LEAD, 2023-07-19T11:48:01.407, ubuntu22-d, mtd-zk-2, START
EXP-LEAD, 2023-07-19T11:48:08.903, ubuntu22-d, mtd-zk-2, END
EXP-LOAD, 2023-07-19T11:48:09.960, ubuntu22-d, mtd-zk-2, 0.251039
EXP-LEAD, 2023-07-19T11:48:11.989, ubuntu22-d, mtd-zk-2, START
EXP-LEAD, 2023-07-19T11:48:17.425, ubuntu22-d, mtd-zk-2, END
EXP-LOAD, 2023-07-19T11:48:18.461, ubuntu22-d, mtd-zk-2, 0.251039
EXP-LEAD, 2023-07-19T11:48:20.113, ubuntu22-d, mtd-zk-2, START
EXP-LEAD, 2023-07-19T11:48:26.804, ubuntu22-d, mtd-zk-2, END
EXP-LOAD, 2023-07-19T11:48:27.842, ubuntu22-d, mtd-zk-2, 0.174032
EXP-LEAD, 2023-07-19T11:48:30.210, ubuntu22-d, mtd-zk-2, START
EXP-LEAD, 2023-07-19T11:48:35.729, ubuntu22-d, mtd-zk-2, END
EXP-LOAD, 2023-07-19T11:48:36.781, ubuntu22-d, mtd-zk-2, 0.135628
EXP-LEAD, 2023-07-19T11:48:38.826, ubuntu22-d, mtd-zk-2, START
EXP-LEAD, 2023-07-19T11:48:45.290, ubuntu22-d, mtd-zk-2, END
EXP-LOAD, 2023-07-19T11:48:46.345, ubuntu22-d, mtd-zk-2, 0.135628
EXP-LEAD, 2023-07-19T11:48:47.967, ubuntu22-d, mtd-zk-2, START
EXP-LEAD, 2023-07-19T11:48:54.564, ubuntu22-d, mtd-zk-2, END
EXP-LOAD, 2023-07-19T11:48:55.613, ubuntu22-d, mtd-zk-2, 0.168969
EXP-LEAD, 2023-07-19T11:48:58.081, ubuntu22-d, mtd-zk-2, START
EXP-LEAD, 2023-07-19T11:49:03.540, ubuntu22-d, mtd-zk-2, END
EXP-LOAD, 2023-07-19T11:49:04.586, ubuntu22-d, mtd-zk-2, 0.176060
EXP-LEAD, 2023-07-19T11:49:06.224, ubuntu22-d, mtd-zk-2, START
EXP-LEAD, 2023-07-19T11:49:11.702, ubuntu22-d, mtd-zk-2, END
EXP-LOAD, 2023-07-19T11:49:12.741, ubuntu22-d, mtd-zk-2, 0.176060
EXP-LEAD, 2023-07-19T11:49:14.322, ubuntu22-d, mtd-zk-2, START
EXP-LEAD, 2023-07-19T11:49:18.790, ubuntu22-d, mtd-zk-2, END
EXP-LOAD, 2023-07-19T11:49:19.854, ubuntu22-d, mtd-zk-2, 0.182718
EXP-LEAD, 2023-07-19T11:49:22.465, ubuntu22-d, mtd-zk-2, START
EXP-LEAD, 2023-07-19T11:49:30.145, ubuntu22-d, mtd-zk-2, END
EXP-LOAD, 2023-07-19T11:49:31.204, ubuntu22-d, mtd-zk-2, 0.182718
EXP-LEAD, 2023-07-19T11:49:31.313, ubuntu22-d, mtd-zk-2, START
EXP-LEAD, 2023-07-19T11:49:38.117, ubuntu22-d, mtd-zk-2, END
EXP-LOAD, 2023-07-19T11:49:39.158, ubuntu22-d, mtd-zk-2, 0.173614
EXP-LEAD, 2023-07-19T11:49:40.373, ubuntu22-d, mtd-zk-2, START
EXP-LEAD, 2023-07-19T11:49:47.936, ubuntu22-d, mtd-zk-2, END
EXP-LOAD, 2023-07-19T11:49:48.981, ubuntu22-d, mtd-zk-2, 0.173614
EXP-LEAD, 2023-07-19T11:49:49.502, ubuntu22-d, mtd-zk-2, START
EXP-LEAD, 2023-07-19T11:49:55.040, ubuntu22-d, mtd-zk-2, END
EXP-LOAD, 2023-07-19T11:49:56.084, ubuntu22-d, mtd-zk-2, 0.159254
EXP-LEAD, 2023-07-19T11:49:58.605, ubuntu22-d, mtd-zk-2, START
EXP-LEAD, 2023-07-19T11:50:03.077, ubuntu22-d, mtd-zk-2, END
EXP-LOAD, 2023-07-19T11:50:04.139, ubuntu22-d, mtd-zk-2, 0.205831
EXP-LEAD, 2023-07-19T11:50:04.768, ubuntu22-d, mtd-zk-2, START
EXP-LEAD, 2023-07-19T11:50:16.666, ubuntu22-d, mtd-zk-2, END
EXP-LOAD, 2023-07-19T11:50:17.732, ubuntu22-d, mtd-zk-2, 0.205831
EXP-LEAD, 2023-07-19T11:50:18.905, ubuntu22-d, mtd-zk-2, START
EXP-LEAD, 2023-07-19T11:50:24.384, ubuntu22-d, mtd-zk-2, END
EXP-LOAD, 2023-07-19T11:50:25.422, ubuntu22-d, mtd-zk-2, 0.198851
EXP-LEAD, 2023-07-19T11:50:27.064, ubuntu22-d, mtd-zk-2, START
EXP-LEAD, 2023-07-19T11:50:34.558, ubuntu22-d, mtd-zk-2, END
EXP-LOAD, 2023-07-19T11:50:35.603, ubuntu22-d, mtd-zk-2, 0.231624
EXP-LEAD, 2023-07-19T11:50:37.260, ubuntu22-d, mtd-zk-2, START
EXP-LEAD, 2023-07-19T11:50:42.772, ubuntu22-d, mtd-zk-2, END
EXP-LOAD, 2023-07-19T11:50:43.804, ubuntu22-d, mtd-zk-2, 0.231624
EXP-LEAD, 2023-07-19T11:50:45.339, ubuntu22-d, mtd-zk-2, START
EXP-LEAD, 2023-07-19T11:50:50.835, ubuntu22-d, mtd-zk-2, END
EXP-LOAD, 2023-07-19T11:50:51.885, ubuntu22-d, mtd-zk-2, 0.177035
EXP-LEAD, 2023-07-19T11:50:54.412, ubuntu22-d, mtd-zk-2, START
EXP-LEAD, 2023-07-19T11:51:01.888, ubuntu22-d, mtd-zk-2, END
EXP-LOAD, 2023-07-19T11:51:02.955, ubuntu22-d, mtd-zk-2, 0.177035
EXP-LEAD, 2023-07-19T11:51:04.556, ubuntu22-d, mtd-zk-2, START
EXP-LEAD, 2023-07-19T11:51:09.915, ubuntu22-d, mtd-zk-2, END
EXP-LOAD, 2023-07-19T11:51:10.959, ubuntu22-d, mtd-zk-2, 0.157231
EXP-LEAD, 2023-07-19T11:51:12.683, ubuntu22-d, mtd-zk-2, START
EXP-LEAD, 2023-07-19T11:51:20.174, ubuntu22-d, mtd-zk-2, END
EXP-LOAD, 2023-07-19T11:51:21.242, ubuntu22-d, mtd-zk-2, 0.176696
EXP-LEAD, 2023-07-19T11:51:22.822, ubuntu22-d, mtd-zk-2, START
EXP-LEAD, 2023-07-19T11:51:28.277, ubuntu22-d, mtd-zk-2, END
EXP-LOAD, 2023-07-19T11:51:29.321, ubuntu22-d, mtd-zk-2, 0.176696
EXP-LEAD, 2023-07-19T11:51:31.011, ubuntu22-d, mtd-zk-2, START
EXP-LEAD, 2023-07-19T11:51:38.502, ubuntu22-d, mtd-zk-2, END
EXP-LOAD, 2023-07-19T11:51:39.544, ubuntu22-d, mtd-zk-2, 0.135635
EXP-LEAD, 2023-07-19T11:51:41.194, ubuntu22-d, mtd-zk-2, START
EXP-LEAD, 2023-07-19T11:51:45.563, ubuntu22-d, mtd-zk-2, END
EXP-LOAD, 2023-07-19T11:51:46.731, ubuntu22-d, mtd-zk-2, 0.135635
EXP-LEAD, 2023-07-19T11:51:48.798, ubuntu22-d, mtd-zk-2, START
EXP-LEAD, 2023-07-19T11:51:57.348, ubuntu22-d, mtd-zk-2, END
EXP-LOAD, 2023-07-19T11:51:58.388, ubuntu22-d, mtd-zk-2, 0.137912
EXP-LEAD, 2023-07-19T11:51:59.934, ubuntu22-d, mtd-zk-2, START
EXP-LEAD, 2023-07-19T11:52:04.356, ubuntu22-d, mtd-zk-2, END
EXP-LOAD, 2023-07-19T11:52:05.398, ubuntu22-d, mtd-zk-2, 0.091209
EXP-LEAD, 2023-07-19T11:52:08.097, ubuntu22-d, mtd-zk-2, START
EXP-LEAD, 2023-07-19T11:52:15.666, ubuntu22-d, mtd-zk-2, END
EXP-LOAD, 2023-07-19T11:52:16.734, ubuntu22-d, mtd-zk-2, 0.091209
EXP-LEAD, 2023-07-19T11:52:18.271, ubuntu22-d, mtd-zk-2, START
EXP-LEAD, 2023-07-19T11:52:22.705, ubuntu22-d, mtd-zk-2, END
EXP-LOAD, 2023-07-19T11:52:23.750, ubuntu22-d, mtd-zk-2, 0.215329
EXP-LEAD, 2023-07-19T11:52:25.367, ubuntu22-d, mtd-zk-2, START
EXP-LEAD, 2023-07-19T11:52:30.871, ubuntu22-d, mtd-zk-2, END
EXP-LOAD, 2023-07-19T11:52:31.947, ubuntu22-d, mtd-zk-2, 0.215329
EXP-LEAD, 2023-07-19T11:52:34.473, ubuntu22-d, mtd-zk-2, START
EXP-LEAD, 2023-07-19T11:52:41.926, ubuntu22-d, mtd-zk-2, END
EXP-LOAD, 2023-07-19T11:52:43.029, ubuntu22-d, mtd-zk-2, 0.219428
EXP-LEAD, 2023-07-19T11:52:45.675, ubuntu22-d, mtd-zk-2, START
EXP-LEAD, 2023-07-19T11:52:51.191, ubuntu22-d, mtd-zk-2, END
EXP-LOAD, 2023-07-19T11:52:52.244, ubuntu22-d, mtd-zk-2, 0.152632
EXP-LEAD, 2023-07-19T11:52:53.820, ubuntu22-d, mtd-zk-2, START
EXP-LEAD, 2023-07-19T11:53:01.304, ubuntu22-d, mtd-zk-2, END
EXP-LOAD, 2023-07-19T11:53:02.344, ubuntu22-d, mtd-zk-2, 0.152632
EXP-LEAD, 2023-07-19T11:53:04.927, ubuntu22-d, mtd-zk-2, START
EXP-LEAD, 2023-07-19T11:53:10.463, ubuntu22-d, mtd-zk-2, END
EXP-LOAD, 2023-07-19T11:53:11.519, ubuntu22-d, mtd-zk-2, 0.134601
EXP-LEAD, 2023-07-19T11:53:13.042, ubuntu22-d, mtd-zk-2, START
EXP-LEAD, 2023-07-19T11:53:20.531, ubuntu22-d, mtd-zk-2, END
EXP-LOAD, 2023-07-19T11:53:21.612, ubuntu22-d, mtd-zk-2, 0.131010
EXP-LEAD, 2023-07-19T11:53:23.185, ubuntu22-d, mtd-zk-2, START
EXP-LEAD, 2023-07-19T11:53:28.661, ubuntu22-d, mtd-zk-2, END
EXP-LOAD, 2023-07-19T11:53:29.699, ubuntu22-d, mtd-zk-2, 0.131010
EXP-LEAD, 2023-07-19T11:53:32.282, ubuntu22-d, mtd-zk-2, START
EXP-LEAD, 2023-07-19T11:53:36.707, ubuntu22-d, mtd-zk-2, END
EXP-LOAD, 2023-07-19T11:53:37.771, ubuntu22-d, mtd-zk-2, 0.129213
EXP-LEAD, 2023-07-19T11:53:40.377, ubuntu22-d, mtd-zk-2, START
EXP-LEAD, 2023-07-19T11:53:49.061, ubuntu22-d, mtd-zk-2, END
EXP-LOAD, 2023-07-19T11:53:50.114, ubuntu22-d, mtd-zk-2, 0.173721
EXP-LEAD, 2023-07-19T11:53:52.502, ubuntu22-d, mtd-zk-2, START
EXP-LEAD, 2023-07-19T11:53:56.904, ubuntu22-d, mtd-zk-2, END
EXP-LOAD, 2023-07-19T11:53:57.992, ubuntu22-d, mtd-zk-2, 0.173721
EXP-LEAD, 2023-07-19T11:53:59.040, ubuntu22-d, mtd-zk-2, START
EXP-LEAD, 2023-07-19T11:54:06.604, ubuntu22-d, mtd-zk-2, END
EXP-LOAD, 2023-07-19T11:54:07.701, ubuntu22-d, mtd-zk-2, 0.237825
EXP-LEAD, 2023-07-19T11:54:10.196, ubuntu22-d, mtd-zk-2, START
EXP-LEAD, 2023-07-19T11:54:15.693, ubuntu22-d, mtd-zk-2, END
EXP-LOAD, 2023-07-19T11:54:16.786, ubuntu22-d, mtd-zk-2, 0.237825
EXP-LEAD, 2023-07-19T11:54:17.821, ubuntu22-d, mtd-zk-2, START
EXP-LEAD, 2023-07-19T11:54:23.289, ubuntu22-d, mtd-zk-2, END
EXP-LOAD, 2023-07-19T11:54:24.399, ubuntu22-d, mtd-zk-2, 0.161221
EXP-LEAD, 2023-07-19T11:54:24.452, ubuntu22-d, mtd-zk-2, START
EXP-LEAD, 2023-07-19T11:54:32.038, ubuntu22-d, mtd-zk-2, END
EXP-LOAD, 2023-07-19T11:54:33.084, ubuntu22-d, mtd-zk-2, 0.161221
EXP-LEAD, 2023-07-19T11:54:34.580, ubuntu22-d, mtd-zk-2, START
EXP-LEAD, 2023-07-19T11:54:40.033, ubuntu22-d, mtd-zk-2, END
EXP-LOAD, 2023-07-19T11:54:41.102, ubuntu22-d, mtd-zk-2, 0.213037
EXP-LEAD, 2023-07-19T11:54:43.155, ubuntu22-d, mtd-zk-2, START
EXP-LEAD, 2023-07-19T11:54:51.775, ubuntu22-d, mtd-zk-2, END
EXP-LOAD, 2023-07-19T11:54:52.821, ubuntu22-d, mtd-zk-2, 0.171027
EXP-LEAD, 2023-07-19T11:54:53.274, ubuntu22-d, mtd-zk-2, START
EXP-LEAD, 2023-07-19T11:54:58.854, ubuntu22-d, mtd-zk-2, END
EXP-LOAD, 2023-07-19T11:54:59.894, ubuntu22-d, mtd-zk-2, 0.171027
EXP-LEAD, 2023-07-19T11:55:00.384, ubuntu22-d, mtd-zk-2, START
EXP-LEAD, 2023-07-19T11:55:09.008, ubuntu22-d, mtd-zk-2, END
EXP-LOAD, 2023-07-19T11:55:10.084, ubuntu22-d, mtd-zk-2, 0.117260
EXP-LEAD, 2023-07-19T11:55:11.567, ubuntu22-d, mtd-zk-2, START
EXP-LEAD, 2023-07-19T11:55:16.151, ubuntu22-d, mtd-zk-2, END
EXP-LOAD, 2023-07-19T11:55:17.222, ubuntu22-d, mtd-zk-2, 0.117260
EXP-LEAD, 2023-07-19T11:55:19.722, ubuntu22-d, mtd-zk-2, START
EXP-LEAD, 2023-07-19T11:55:25.300, ubuntu22-d, mtd-zk-2, END
EXP-LOAD, 2023-07-19T11:55:26.342, ubuntu22-d, mtd-zk-2, 0.119011
EXP-LEAD, 2023-07-19T11:55:26.891, ubuntu22-d, mtd-zk-2, START
EXP-LEAD, 2023-07-19T11:55:31.426, ubuntu22-d, mtd-zk-2, END
EXP-LOAD, 2023-07-19T11:55:32.463, ubuntu22-d, mtd-zk-2, 0.119011
EXP-LEAD, 2023-07-19T11:55:33.978, ubuntu22-d, mtd-zk-2, START
EXP-LEAD, 2023-07-19T11:55:41.462, ubuntu22-d, mtd-zk-2, END
EXP-LOAD, 2023-07-19T11:55:42.508, ubuntu22-d, mtd-zk-2, 0.255453
EXP-LEAD, 2023-07-19T11:55:45.138, ubuntu22-d, mtd-zk-2, START
EXP-LEAD, 2023-07-19T11:55:50.562, ubuntu22-d, mtd-zk-2, END
EXP-LOAD, 2023-07-19T11:55:51.597, ubuntu22-d, mtd-zk-2, 0.129257
EXP-LEAD, 2023-07-19T11:55:53.274, ubuntu22-d, mtd-zk-2, START
EXP-LEAD, 2023-07-19T11:55:58.751, ubuntu22-d, mtd-zk-2, END
EXP-LOAD, 2023-07-19T11:55:59.794, ubuntu22-d, mtd-zk-2, 0.129257
EXP-LEAD, 2023-07-19T11:56:01.380, ubuntu22-d, mtd-zk-2, START
EXP-LEAD, 2023-07-19T11:56:05.875, ubuntu22-d, mtd-zk-2, END
EXP-LOAD, 2023-07-19T11:56:06.969, ubuntu22-d, mtd-zk-2, 0.200626
EXP-LEAD, 2023-07-19T11:56:08.568, ubuntu22-d, mtd-zk-2, START
EXP-LEAD, 2023-07-19T11:56:14.041, ubuntu22-d, mtd-zk-2, END
EXP-LOAD, 2023-07-19T11:56:15.105, ubuntu22-d, mtd-zk-2, 0.200626
EXP-LEAD, 2023-07-19T11:56:16.708, ubuntu22-d, mtd-zk-2, START
EXP-LEAD, 2023-07-19T11:56:25.152, ubuntu22-d, mtd-zk-2, END
EXP-LOAD, 2023-07-19T11:56:26.218, ubuntu22-d, mtd-zk-2, 0.222834
EXP-LEAD, 2023-07-19T11:56:27.837, ubuntu22-d, mtd-zk-2, START
EXP-LEAD, 2023-07-19T11:56:32.198, ubuntu22-d, mtd-zk-2, END
EXP-LOAD, 2023-07-19T11:56:33.245, ubuntu22-d, mtd-zk-2, 0.222834
EXP-LOAD, 2023-07-19T11:56:43.331, ubuntu22-d, mtd-zk-2, 0.212627
EXP-LEAD, 2023-07-19T11:56:45.378, ubuntu22-d, mtd-zk-2, START
EXP-LEAD, 2023-07-19T11:56:49.724, ubuntu22-d, mtd-zk-2, END
EXP-LOAD, 2023-07-19T11:56:50.772, ubuntu22-d, mtd-zk-2, 0.091409
EXP-LEAD, 2023-07-19T11:56:52.498, ubuntu22-d, mtd-zk-2, START
EXP-LEAD, 2023-07-19T11:56:59.028, ubuntu22-d, mtd-zk-2, END
EXP-LOAD, 2023-07-19T11:57:00.128, ubuntu22-d, mtd-zk-2, 0.091409
EXP-LEAD, 2023-07-19T11:57:00.706, ubuntu22-d, mtd-zk-2, START
EXP-LEAD, 2023-07-19T11:57:06.124, ubuntu22-d, mtd-zk-2, END
EXP-LOAD, 2023-07-19T11:57:07.169, ubuntu22-d, mtd-zk-2, 0.159925
EXP-LEAD, 2023-07-19T11:57:08.835, ubuntu22-d, mtd-zk-2, START
EXP-LEAD, 2023-07-19T11:57:14.319, ubuntu22-d, mtd-zk-2, END
EXP-LOAD, 2023-07-19T11:57:15.385, ubuntu22-d, mtd-zk-2, 0.159925
EXP-LEAD, 2023-07-19T11:57:15.981, ubuntu22-d, mtd-zk-2, START
EXP-LEAD, 2023-07-19T11:57:24.498, ubuntu22-d, mtd-zk-2, END
EXP-LOAD, 2023-07-19T11:57:25.565, ubuntu22-d, mtd-zk-2, 0.266224
EXP-LEAD, 2023-07-19T11:57:26.629, ubuntu22-d, mtd-zk-2, START
EXP-LEAD, 2023-07-19T11:57:32.145, ubuntu22-d, mtd-zk-2, END
EXP-LOAD, 2023-07-19T11:57:33.186, ubuntu22-d, mtd-zk-2, 0.266224
EXP-LEAD, 2023-07-19T11:57:34.742, ubuntu22-d, mtd-zk-2, START
EXP-LEAD, 2023-07-19T11:57:40.306, ubuntu22-d, mtd-zk-2, END
EXP-LOAD, 2023-07-19T11:57:41.375, ubuntu22-d, mtd-zk-2, 0.163617
EXP-LEAD, 2023-07-19T11:57:43.838, ubuntu22-d, mtd-zk-2, START
EXP-LEAD, 2023-07-19T11:57:49.300, ubuntu22-d, mtd-zk-2, END
EXP-LOAD, 2023-07-19T11:57:50.364, ubuntu22-d, mtd-zk-2, 0.199623
EXP-LEAD, 2023-07-19T11:57:51.394, ubuntu22-d, mtd-zk-2, START
EXP-LEAD, 2023-07-19T11:58:00.022, ubuntu22-d, mtd-zk-2, END
EXP-LOAD, 2023-07-19T11:58:01.081, ubuntu22-d, mtd-zk-2, 0.199623
EXP-LEAD, 2023-07-19T11:58:03.563, ubuntu22-d, mtd-zk-2, START
EXP-LEAD, 2023-07-19T11:58:09.002, ubuntu22-d, mtd-zk-2, END
EXP-LOAD, 2023-07-19T11:58:10.053, ubuntu22-d, mtd-zk-2, 0.142024
EXP-LEAD, 2023-07-19T11:58:10.674, ubuntu22-d, mtd-zk-2, START
EXP-LEAD, 2023-07-19T11:58:15.132, ubuntu22-d, mtd-zk-2, END
EXP-LOAD, 2023-07-19T11:58:16.221, ubuntu22-d, mtd-zk-2, 0.142024
EXP-LEAD, 2023-07-19T11:58:17.270, ubuntu22-d, mtd-zk-2, START
EXP-LEAD, 2023-07-19T11:58:24.802, ubuntu22-d, mtd-zk-2, END
EXP-LOAD, 2023-07-19T11:58:25.875, ubuntu22-d, mtd-zk-2, 0.117024
EXP-LEAD, 2023-07-19T11:58:27.380, ubuntu22-d, mtd-zk-2, START
EXP-LEAD, 2023-07-19T11:58:32.923, ubuntu22-d, mtd-zk-2, END
EXP-LOAD, 2023-07-19T11:58:33.957, ubuntu22-d, mtd-zk-2, 0.117024
EXP-LEAD, 2023-07-19T11:58:35.495, ubuntu22-d, mtd-zk-2, START
EXP-LEAD, 2023-07-19T11:58:40.034, ubuntu22-d, mtd-zk-2, END
EXP-LOAD, 2023-07-19T11:58:41.073, ubuntu22-d, mtd-zk-2, 0.204432
EXP-LEAD, 2023-07-19T11:58:42.603, ubuntu22-d, mtd-zk-2, START
EXP-LEAD, 2023-07-19T11:58:48.299, ubuntu22-d, mtd-zk-2, END
EXP-LOAD, 2023-07-19T11:58:49.351, ubuntu22-d, mtd-zk-2, 0.188923
EXP-LEAD, 2023-07-19T11:58:51.690, ubuntu22-d, mtd-zk-2, START
EXP-LEAD, 2023-07-19T11:58:56.138, ubuntu22-d, mtd-zk-2, END
EXP-LOAD, 2023-07-19T11:58:57.210, ubuntu22-d, mtd-zk-2, 0.188923
EXP-LEAD, 2023-07-19T11:58:58.230, ubuntu22-d, mtd-zk-2, START
EXP-LEAD, 2023-07-19T11:59:03.694, ubuntu22-d, mtd-zk-2, END
EXP-LOAD, 2023-07-19T11:59:04.734, ubuntu22-d, mtd-zk-2, 0.195849
EXP-LEAD, 2023-07-19T11:59:07.361, ubuntu22-d, mtd-zk-2, START
EXP-LEAD, 2023-07-19T11:59:14.856, ubuntu22-d, mtd-zk-2, END
EXP-LOAD, 2023-07-19T11:59:15.925, ubuntu22-d, mtd-zk-2, 0.195849
EXP-LEAD, 2023-07-19T11:59:17.529, ubuntu22-d, mtd-zk-2, START
EXP-LEAD, 2023-07-19T11:59:22.972, ubuntu22-d, mtd-zk-2, END
EXP-LOAD, 2023-07-19T11:59:24.012, ubuntu22-d, mtd-zk-2, 0.178623
EXP-LEAD, 2023-07-19T11:59:26.652, ubuntu22-d, mtd-zk-2, START
EXP-LEAD, 2023-07-19T11:59:37.312, ubuntu22-d, mtd-zk-2, END
EXP-LOAD, 2023-07-19T11:59:38.361, ubuntu22-d, mtd-zk-2, 0.155011
EXP-LEAD, 2023-07-19T11:59:39.799, ubuntu22-d, mtd-zk-2, START
EXP-LEAD, 2023-07-19T11:59:44.351, ubuntu22-d, mtd-zk-2, END
EXP-LOAD, 2023-07-19T11:59:45.395, ubuntu22-d, mtd-zk-2, 0.155011
EXP-LEAD, 2023-07-19T11:59:47.893, ubuntu22-d, mtd-zk-2, START
EXP-LEAD, 2023-07-19T11:59:52.367, ubuntu22-d, mtd-zk-2, END
EXP-LOAD, 2023-07-19T11:59:53.404, ubuntu22-d, mtd-zk-2, 0.119422
EXP-LEAD, 2023-07-19T11:59:55.005, ubuntu22-d, mtd-zk-2, START
EXP-LEAD, 2023-07-19T11:59:59.461, ubuntu22-d, mtd-zk-2, END
EXP-LOAD, 2023-07-19T12:00:00.516, ubuntu22-d, mtd-zk-2, 0.119422
EXP-LEAD, 2023-07-19T12:00:02.099, ubuntu22-d, mtd-zk-2, START
EXP-LEAD, 2023-07-19T12:00:07.698, ubuntu22-d, mtd-zk-2, END
EXP-LOAD, 2023-07-19T12:00:08.758, ubuntu22-d, mtd-zk-2, 0.221957
EXP-LEAD, 2023-07-19T12:00:11.211, ubuntu22-d, mtd-zk-2, START
EXP-LEAD, 2023-07-19T12:00:22.880, ubuntu22-d, mtd-zk-2, END
EXP-LOAD, 2023-07-19T12:00:23.912, ubuntu22-d, mtd-zk-2, 0.208856
EXP-LEAD, 2023-07-19T12:00:26.359, ubuntu22-d, mtd-zk-2, START
EXP-LEAD, 2023-07-19T12:00:30.696, ubuntu22-d, mtd-zk-2, END
EXP-LOAD, 2023-07-19T12:00:31.737, ubuntu22-d, mtd-zk-2, 0.208856
EXP-LEAD, 2023-07-19T12:00:32.771, ubuntu22-d, mtd-zk-2, START
EXP-LEAD, 2023-07-19T12:00:40.336, ubuntu22-d, mtd-zk-2, END
EXP-LOAD, 2023-07-19T12:00:41.416, ubuntu22-d, mtd-zk-2, 0.117026
EXP-LEAD, 2023-07-19T12:00:43.903, ubuntu22-d, mtd-zk-2, START
EXP-LEAD, 2023-07-19T12:00:49.297, ubuntu22-d, mtd-zk-2, END
EXP-LOAD, 2023-07-19T12:00:50.338, ubuntu22-d, mtd-zk-2, 0.095025
EXP-LEAD, 2023-07-19T12:00:53.035, ubuntu22-d, mtd-zk-2, START
EXP-LEAD, 2023-07-19T12:00:59.500, ubuntu22-d, mtd-zk-2, END
EXP-LOAD, 2023-07-19T12:01:00.568, ubuntu22-d, mtd-zk-2, 0.095025
EXP-LEAD, 2023-07-19T12:01:01.162, ubuntu22-d, mtd-zk-2, START
EXP-LEAD, 2023-07-19T12:01:06.827, ubuntu22-d, mtd-zk-2, END
EXP-LOAD, 2023-07-19T12:01:07.867, ubuntu22-d, mtd-zk-2, 0.184354
EXP-LEAD, 2023-07-19T12:01:09.366, ubuntu22-d, mtd-zk-2, START
EXP-LEAD, 2023-07-19T12:01:16.841, ubuntu22-d, mtd-zk-2, END
EXP-LOAD, 2023-07-19T12:01:17.884, ubuntu22-d, mtd-zk-2, 0.184354
EXP-LEAD, 2023-07-19T12:01:19.515, ubuntu22-d, mtd-zk-2, START
EXP-LEAD, 2023-07-19T12:01:24.928, ubuntu22-d, mtd-zk-2, END
EXP-LOAD, 2023-07-19T12:01:25.964, ubuntu22-d, mtd-zk-2, 0.158078
EXP-LEAD, 2023-07-19T12:01:28.791, ubuntu22-d, mtd-zk-2, START
EXP-LEAD, 2023-07-19T12:01:36.357, ubuntu22-d, mtd-zk-2, END
EXP-LOAD, 2023-07-19T12:01:37.424, ubuntu22-d, mtd-zk-2, 0.138156
EXP-LEAD, 2023-07-19T12:01:38.932, ubuntu22-d, mtd-zk-2, START
EXP-LEAD, 2023-07-19T12:01:44.407, ubuntu22-d, mtd-zk-2, END
EXP-LOAD, 2023-07-19T12:01:45.452, ubuntu22-d, mtd-zk-2, 0.138156
EXP-LEAD, 2023-07-19T12:01:47.067, ubuntu22-d, mtd-zk-2, START
EXP-LEAD, 2023-07-19T12:01:52.536, ubuntu22-d, mtd-zk-2, END
EXP-LOAD, 2023-07-19T12:01:53.584, ubuntu22-d, mtd-zk-2, 0.182834
EXP-LEAD, 2023-07-19T12:01:54.175, ubuntu22-d, mtd-zk-2, START
EXP-LEAD, 2023-07-19T12:01:59.560, ubuntu22-d, mtd-zk-2, END
EXP-LOAD, 2023-07-19T12:02:00.629, ubuntu22-d, mtd-zk-2, 0.182834
EXP-LEAD, 2023-07-19T12:02:02.265, ubuntu22-d, mtd-zk-2, START
EXP-LEAD, 2023-07-19T12:02:09.741, ubuntu22-d, mtd-zk-2, END
EXP-LOAD, 2023-07-19T12:02:10.783, ubuntu22-d, mtd-zk-2, 0.217648
EXP-LEAD, 2023-07-19T12:02:12.418, ubuntu22-d, mtd-zk-2, START
EXP-LEAD, 2023-07-19T12:02:17.841, ubuntu22-d, mtd-zk-2, END
EXP-LOAD, 2023-07-19T12:02:18.880, ubuntu22-d, mtd-zk-2, 0.217648
EXP-LEAD, 2023-07-19T12:02:20.538, ubuntu22-d, mtd-zk-2, START
EXP-LEAD, 2023-07-19T12:02:24.963, ubuntu22-d, mtd-zk-2, END
EXP-LOAD, 2023-07-19T12:02:26.005, ubuntu22-d, mtd-zk-2, 0.154809
EXP-LEAD, 2023-07-19T12:02:27.701, ubuntu22-d, mtd-zk-2, START
EXP-LEAD, 2023-07-19T12:02:36.249, ubuntu22-d, mtd-zk-2, END
EXP-LOAD, 2023-07-19T12:02:37.296, ubuntu22-d, mtd-zk-2, 0.217372
EXP-LEAD, 2023-07-19T12:02:38.861, ubuntu22-d, mtd-zk-2, START
EXP-LEAD, 2023-07-19T12:02:45.340, ubuntu22-d, mtd-zk-2, END
EXP-LOAD, 2023-07-19T12:02:46.373, ubuntu22-d, mtd-zk-2, 0.217372
EXP-LEAD, 2023-07-19T12:02:47.961, ubuntu22-d, mtd-zk-2, START
EXP-LEAD, 2023-07-19T12:02:53.472, ubuntu22-d, mtd-zk-2, END
EXP-LOAD, 2023-07-19T12:02:54.510, ubuntu22-d, mtd-zk-2, 0.173850
EXP-LEAD, 2023-07-19T12:02:57.068, ubuntu22-d, mtd-zk-2, START
EXP-LEAD, 2023-07-19T12:03:02.633, ubuntu22-d, mtd-zk-2, END
EXP-LOAD, 2023-07-19T12:03:03.684, ubuntu22-d, mtd-zk-2, 0.173850
EXP-LEAD, 2023-07-19T12:03:05.190, ubuntu22-d, mtd-zk-2, START
EXP-LEAD, 2023-07-19T12:03:13.833, ubuntu22-d, mtd-zk-2, END
EXP-LOAD, 2023-07-19T12:03:14.876, ubuntu22-d, mtd-zk-2, 0.222424
EXP-LEAD, 2023-07-19T12:03:16.453, ubuntu22-d, mtd-zk-2, START
EXP-LEAD, 2023-07-19T12:03:21.082, ubuntu22-d, mtd-zk-2, END
EXP-LOAD, 2023-07-19T12:03:22.157, ubuntu22-d, mtd-zk-2, 0.116211
EXP-LEAD, 2023-07-19T12:03:22.456, ubuntu22-d, mtd-zk-2, START
EXP-LEAD, 2023-07-19T12:03:28.038, ubuntu22-d, mtd-zk-2, END
EXP-LOAD, 2023-07-19T12:03:29.102, ubuntu22-d, mtd-zk-2, 0.116211
EXP-LEAD, 2023-07-19T12:03:30.589, ubuntu22-d, mtd-zk-2, START
EXP-LEAD, 2023-07-19T12:03:36.056, ubuntu22-d, mtd-zk-2, END
EXP-LOAD, 2023-07-19T12:03:37.111, ubuntu22-d, mtd-zk-2, 0.256532
EXP-LEAD, 2023-07-19T12:03:37.699, ubuntu22-d, mtd-zk-2, START
EXP-LEAD, 2023-07-19T12:03:43.272, ubuntu22-d, mtd-zk-2, END
EXP-LOAD, 2023-07-19T12:03:44.310, ubuntu22-d, mtd-zk-2, 0.256532
EXP-LEAD, 2023-07-19T12:03:44.953, ubuntu22-d, mtd-zk-2, START
EXP-LEAD, 2023-07-19T12:03:52.570, ubuntu22-d, mtd-zk-2, END
EXP-LOAD, 2023-07-19T12:03:53.600, ubuntu22-d, mtd-zk-2, 0.206632
EXP-LEAD, 2023-07-19T12:03:55.076, ubuntu22-d, mtd-zk-2, START
EXP-LEAD, 2023-07-19T12:03:59.662, ubuntu22-d, mtd-zk-2, END
EXP-LOAD, 2023-07-19T12:04:00.719, ubuntu22-d, mtd-zk-2, 0.206632
EXP-LEAD, 2023-07-19T12:04:01.196, ubuntu22-d, mtd-zk-2, START
EXP-LEAD, 2023-07-19T12:04:08.675, ubuntu22-d, mtd-zk-2, END
EXP-LOAD, 2023-07-19T12:04:09.734, ubuntu22-d, mtd-zk-2, 0.201918
EXP-LEAD, 2023-07-19T12:04:09.791, ubuntu22-d, mtd-zk-2, START
EXP-LEAD, 2023-07-19T12:04:15.205, ubuntu22-d, mtd-zk-2, END
EXP-LOAD, 2023-07-19T12:04:16.247, ubuntu22-d, mtd-zk-2, 0.201918
EXP-LEAD, 2023-07-19T12:04:17.884, ubuntu22-d, mtd-zk-2, START
EXP-LEAD, 2023-07-19T12:04:22.401, ubuntu22-d, mtd-zk-2, END
EXP-LOAD, 2023-07-19T12:04:23.456, ubuntu22-d, mtd-zk-2, 0.164042
EXP-LEAD, 2023-07-19T12:04:24.486, ubuntu22-d, mtd-zk-2, START
EXP-LEAD, 2023-07-19T12:04:32.037, ubuntu22-d, mtd-zk-2, END
EXP-LOAD, 2023-07-19T12:04:33.100, ubuntu22-d, mtd-zk-2, 0.164042
EXP-LEAD, 2023-07-19T12:04:34.126, ubuntu22-d, mtd-zk-2, START
EXP-LEAD, 2023-07-19T12:04:39.567, ubuntu22-d, mtd-zk-2, END
EXP-LOAD, 2023-07-19T12:04:40.614, ubuntu22-d, mtd-zk-2, 0.210328
EXP-LEAD, 2023-07-19T12:04:42.256, ubuntu22-d, mtd-zk-2, START
EXP-LEAD, 2023-07-19T12:04:49.887, ubuntu22-d, mtd-zk-2, END
EXP-LOAD, 2023-07-19T12:04:50.969, ubuntu22-d, mtd-zk-2, 0.176221
EXP-LEAD, 2023-07-19T12:04:52.370, ubuntu22-d, mtd-zk-2, START
EXP-LEAD, 2023-07-19T12:04:56.777, ubuntu22-d, mtd-zk-2, END
EXP-LOAD, 2023-07-19T12:04:57.836, ubuntu22-d, mtd-zk-2, 0.176221
EXP-LEAD, 2023-07-19T12:05:00.529, ubuntu22-d, mtd-zk-2, START
EXP-LEAD, 2023-07-19T12:05:08.109, ubuntu22-d, mtd-zk-2, END
EXP-LOAD, 2023-07-19T12:05:09.311, ubuntu22-d, mtd-zk-2, 0.167423
EXP-LEAD, 2023-07-19T12:05:11.722, ubuntu22-d, mtd-zk-2, START
EXP-LEAD, 2023-07-19T12:05:17.266, ubuntu22-d, mtd-zk-2, END
EXP-LOAD, 2023-07-19T12:05:18.317, ubuntu22-d, mtd-zk-2, 0.167423
EXP-LEAD, 2023-07-19T12:05:19.891, ubuntu22-d, mtd-zk-2, START
EXP-LEAD, 2023-07-19T12:05:25.312, ubuntu22-d, mtd-zk-2, END
EXP-LOAD, 2023-07-19T12:05:26.368, ubuntu22-d, mtd-zk-2, 0.175816
EXP-LEAD, 2023-07-19T12:05:26.979, ubuntu22-d, mtd-zk-2, START
EXP-LEAD, 2023-07-19T12:05:35.569, ubuntu22-d, mtd-zk-2, END
EXP-LOAD, 2023-07-19T12:05:36.643, ubuntu22-d, mtd-zk-2, 0.173244
EXP-LEAD, 2023-07-19T12:05:37.664, ubuntu22-d, mtd-zk-2, START
EXP-LEAD, 2023-07-19T12:05:43.055, ubuntu22-d, mtd-zk-2, END
EXP-LOAD, 2023-07-19T12:05:44.105, ubuntu22-d, mtd-zk-2, 0.173244
EXP-LEAD, 2023-07-19T12:05:45.789, ubuntu22-d, mtd-zk-2, START
EXP-LEAD, 2023-07-19T12:05:53.366, ubuntu22-d, mtd-zk-2, END
EXP-LOAD, 2023-07-19T12:05:54.428, ubuntu22-d, mtd-zk-2, 0.179230
EXP-LEAD, 2023-07-19T12:05:54.503, ubuntu22-d, mtd-zk-2, START
EXP-LEAD, 2023-07-19T12:05:58.901, ubuntu22-d, mtd-zk-2, END
EXP-LOAD, 2023-07-19T12:06:00.813, ubuntu22-d, mtd-zk-2, 0.179230
EXP-LEAD, 2023-07-19T12:06:01.884, ubuntu22-d, mtd-zk-2, START
EXP-LEAD, 2023-07-19T12:06:09.522, ubuntu22-d, mtd-zk-2, END
EXP-LOAD, 2023-07-19T12:06:10.574, ubuntu22-d, mtd-zk-2, 0.161560
EXP-LEAD, 2023-07-19T12:06:11.996, ubuntu22-d, mtd-zk-2, START
EXP-LEAD, 2023-07-19T12:06:16.347, ubuntu22-d, mtd-zk-2, END
EXP-LOAD, 2023-07-19T12:06:17.390, ubuntu22-d, mtd-zk-2, 0.161560
EXP-LEAD, 2023-07-19T12:06:19.091, ubuntu22-d, mtd-zk-2, START
EXP-LEAD, 2023-07-19T12:06:26.566, ubuntu22-d, mtd-zk-2, END
EXP-LOAD, 2023-07-19T12:06:27.643, ubuntu22-d, mtd-zk-2, 0.166434
EXP-LEAD, 2023-07-19T12:06:29.245, ubuntu22-d, mtd-zk-2, START
EXP-LEAD, 2023-07-19T12:06:34.646, ubuntu22-d, mtd-zk-2, END
EXP-LOAD, 2023-07-19T12:06:35.690, ubuntu22-d, mtd-zk-2, 0.200622
EXP-LEAD, 2023-07-19T12:06:38.374, ubuntu22-d, mtd-zk-2, START
EXP-LEAD, 2023-07-19T12:06:44.814, ubuntu22-d, mtd-zk-2, END
EXP-LOAD, 2023-07-19T12:06:45.856, ubuntu22-d, mtd-zk-2, 0.200622
EXP-LEAD, 2023-07-19T12:06:47.471, ubuntu22-d, mtd-zk-2, START
EXP-LEAD, 2023-07-19T12:06:52.893, ubuntu22-d, mtd-zk-2, END
EXP-LOAD, 2023-07-19T12:06:53.932, ubuntu22-d, mtd-zk-2, 0.172649
EXP-LEAD, 2023-07-19T12:06:55.583, ubuntu22-d, mtd-zk-2, START
EXP-LEAD, 2023-07-19T12:07:03.157, ubuntu22-d, mtd-zk-2, END
EXP-LOAD, 2023-07-19T12:07:04.224, ubuntu22-d, mtd-zk-2, 0.175725
EXP-LEAD, 2023-07-19T12:07:04.328, ubuntu22-d, mtd-zk-2, START
EXP-LEAD, 2023-07-19T12:07:09.784, ubuntu22-d, mtd-zk-2, END
EXP-LOAD, 2023-07-19T12:07:10.982, ubuntu22-d, mtd-zk-2, 0.175725
EXP-LEAD, 2023-07-19T12:07:12.415, ubuntu22-d, mtd-zk-2, START
EXP-LEAD, 2023-07-19T12:07:19.899, ubuntu22-d, mtd-zk-2, END
EXP-LOAD, 2023-07-19T12:07:20.957, ubuntu22-d, mtd-zk-2, 0.221039
EXP-LEAD, 2023-07-19T12:07:21.528, ubuntu22-d, mtd-zk-2, START
EXP-LEAD, 2023-07-19T12:07:27.041, ubuntu22-d, mtd-zk-2, END
EXP-LOAD, 2023-07-19T12:07:28.087, ubuntu22-d, mtd-zk-2, 0.221039
EXP-LEAD, 2023-07-19T12:07:28.631, ubuntu22-d, mtd-zk-2, START
EXP-LEAD, 2023-07-19T12:07:34.238, ubuntu22-d, mtd-zk-2, END
EXP-LOAD, 2023-07-19T12:07:35.297, ubuntu22-d, mtd-zk-2, 0.178449
EXP-LEAD, 2023-07-19T12:07:36.753, ubuntu22-d, mtd-zk-2, START
EXP-LEAD, 2023-07-19T12:07:45.324, ubuntu22-d, mtd-zk-2, END
EXP-LOAD, 2023-07-19T12:07:46.368, ubuntu22-d, mtd-zk-2, 0.178449
EXP-LEAD, 2023-07-19T12:07:47.915, ubuntu22-d, mtd-zk-2, START
EXP-LEAD, 2023-07-19T12:07:53.336, ubuntu22-d, mtd-zk-2, END
EXP-LOAD, 2023-07-19T12:07:54.374, ubuntu22-d, mtd-zk-2, 0.179821
EXP-LEAD, 2023-07-19T12:07:55.409, ubuntu22-d, mtd-zk-2, START
EXP-LEAD, 2023-07-19T12:08:00.924, ubuntu22-d, mtd-zk-2, END
EXP-LOAD, 2023-07-19T12:08:01.962, ubuntu22-d, mtd-zk-2, 0.179821
EXP-LEAD, 2023-07-19T12:08:02.523, ubuntu22-d, mtd-zk-2, START
EXP-LEAD, 2023-07-19T12:08:09.158, ubuntu22-d, mtd-zk-2, END
EXP-LOAD, 2023-07-19T12:08:10.193, ubuntu22-d, mtd-zk-2, 0.167916
EXP-LEAD, 2023-07-19T12:08:12.629, ubuntu22-d, mtd-zk-2, START
EXP-LEAD, 2023-07-19T12:08:20.120, ubuntu22-d, mtd-zk-2, END
EXP-LOAD, 2023-07-19T12:08:21.183, ubuntu22-d, mtd-zk-2, 0.162814
EXP-LEAD, 2023-07-19T12:08:22.228, ubuntu22-d, mtd-zk-2, START
EXP-LEAD, 2023-07-19T12:08:26.659, ubuntu22-d, mtd-zk-2, END
EXP-LOAD, 2023-07-19T12:08:27.704, ubuntu22-d, mtd-zk-2, 0.162814
EXP-LEAD, 2023-07-19T12:08:28.341, ubuntu22-d, mtd-zk-2, START
EXP-LEAD, 2023-07-19T12:08:33.902, ubuntu22-d, mtd-zk-2, END
EXP-LOAD, 2023-07-19T12:08:34.942, ubuntu22-d, mtd-zk-2, 0.167239
EXP-LEAD, 2023-07-19T12:08:37.502, ubuntu22-d, mtd-zk-2, START
EXP-LEAD, 2023-07-19T12:08:46.043, ubuntu22-d, mtd-zk-2, END
EXP-LOAD, 2023-07-19T12:08:47.115, ubuntu22-d, mtd-zk-2, 0.167239
EXP-LEAD, 2023-07-19T12:08:48.631, ubuntu22-d, mtd-zk-2, START
EXP-LEAD, 2023-07-19T12:08:53.167, ubuntu22-d, mtd-zk-2, END
EXP-LOAD, 2023-07-19T12:08:54.201, ubuntu22-d, mtd-zk-2, 0.205853
EXP-LEAD, 2023-07-19T12:08:54.734, ubuntu22-d, mtd-zk-2, START
EXP-LEAD, 2023-07-19T12:09:02.356, ubuntu22-d, mtd-zk-2, END
EXP-LOAD, 2023-07-19T12:09:03.418, ubuntu22-d, mtd-zk-2, 0.205853
EXP-LEAD, 2023-07-19T12:09:04.479, ubuntu22-d, mtd-zk-2, START
EXP-LEAD, 2023-07-19T12:09:10.262, ubuntu22-d, mtd-zk-2, END
EXP-LOAD, 2023-07-19T12:09:11.301, ubuntu22-d, mtd-zk-2, 0.123321
EXP-LEAD, 2023-07-19T12:09:13.578, ubuntu22-d, mtd-zk-2, START
EXP-LEAD, 2023-07-19T12:09:21.065, ubuntu22-d, mtd-zk-2, END
EXP-LOAD, 2023-07-19T12:09:22.108, ubuntu22-d, mtd-zk-2, 0.187023
EXP-LEAD, 2023-07-19T12:09:24.723, ubuntu22-d, mtd-zk-2, START
EXP-LEAD, 2023-07-19T12:09:29.138, ubuntu22-d, mtd-zk-2, END
EXP-LOAD, 2023-07-19T12:09:30.177, ubuntu22-d, mtd-zk-2, 0.187023
EXP-LEAD, 2023-07-19T12:09:31.840, ubuntu22-d, mtd-zk-2, START
EXP-LEAD, 2023-07-19T12:09:40.390, ubuntu22-d, mtd-zk-2, END
EXP-LOAD, 2023-07-19T12:09:41.455, ubuntu22-d, mtd-zk-2, 0.188704
EXP-LEAD, 2023-07-19T12:09:42.511, ubuntu22-d, mtd-zk-2, START
EXP-LEAD, 2023-07-19T12:09:48.035, ubuntu22-d, mtd-zk-2, END
EXP-LOAD, 2023-07-19T12:09:49.089, ubuntu22-d, mtd-zk-2, 0.191819
EXP-LEAD, 2023-07-19T12:09:50.628, ubuntu22-d, mtd-zk-2, START
EXP-LEAD, 2023-07-19T12:10:00.308, ubuntu22-d, mtd-zk-2, END
EXP-LOAD, 2023-07-19T12:10:01.391, ubuntu22-d, mtd-zk-2, 0.191819
EXP-LEAD, 2023-07-19T12:10:02.757, ubuntu22-d, mtd-zk-2, START
EXP-LEAD, 2023-07-19T12:10:08.288, ubuntu22-d, mtd-zk-2, END
EXP-LOAD, 2023-07-19T12:10:09.322, ubuntu22-d, mtd-zk-2, 0.177923
EXP-LEAD, 2023-07-19T12:10:09.880, ubuntu22-d, mtd-zk-2, START
EXP-LEAD, 2023-07-19T12:10:16.481, ubuntu22-d, mtd-zk-2, END
EXP-LOAD, 2023-07-19T12:10:17.555, ubuntu22-d, mtd-zk-2, 0.177923
EXP-LEAD, 2023-07-19T12:10:18.988, ubuntu22-d, mtd-zk-2, START
EXP-LEAD, 2023-07-19T12:10:24.429, ubuntu22-d, mtd-zk-2, END
EXP-LOAD, 2023-07-19T12:10:25.473, ubuntu22-d, mtd-zk-2, 0.183863
EXP-LEAD, 2023-07-19T12:10:25.527, ubuntu22-d, mtd-zk-2, START
EXP-LEAD, 2023-07-19T12:10:33.091, ubuntu22-d, mtd-zk-2, END
EXP-LOAD, 2023-07-19T12:10:34.148, ubuntu22-d, mtd-zk-2, 0.157425
EXP-LEAD, 2023-07-19T12:10:35.204, ubuntu22-d, mtd-zk-2, START
EXP-LEAD, 2023-07-19T12:10:40.721, ubuntu22-d, mtd-zk-2, END
EXP-LOAD, 2023-07-19T12:10:41.803, ubuntu22-d, mtd-zk-2, 0.157425
EXP-LEAD, 2023-07-19T12:10:43.402, ubuntu22-d, mtd-zk-2, START
EXP-LEAD, 2023-07-19T12:10:48.861, ubuntu22-d, mtd-zk-2, END
EXP-LOAD, 2023-07-19T12:10:49.921, ubuntu22-d, mtd-zk-2, 0.178035
EXP-LEAD, 2023-07-19T12:10:52.538, ubuntu22-d, mtd-zk-2, START
EXP-LEAD, 2023-07-19T12:10:57.996, ubuntu22-d, mtd-zk-2, END
EXP-LOAD, 2023-07-19T12:10:59.031, ubuntu22-d, mtd-zk-2, 0.178035
EXP-LEAD, 2023-07-19T12:11:01.644, ubuntu22-d, mtd-zk-2, START
EXP-LEAD, 2023-07-19T12:11:07.163, ubuntu22-d, mtd-zk-2, END
EXP-LOAD, 2023-07-19T12:11:08.242, ubuntu22-d, mtd-zk-2, 0.208537
EXP-LEAD, 2023-07-19T12:11:09.286, ubuntu22-d, mtd-zk-2, START
EXP-LEAD, 2023-07-19T12:11:13.668, ubuntu22-d, mtd-zk-2, END
EXP-LOAD, 2023-07-19T12:11:14.713, ubuntu22-d, mtd-zk-2, 0.208537
EXP-LEAD, 2023-07-19T12:11:15.754, ubuntu22-d, mtd-zk-2, START
EXP-LEAD, 2023-07-19T12:11:23.236, ubuntu22-d, mtd-zk-2, END
EXP-LOAD, 2023-07-19T12:11:24.295, ubuntu22-d, mtd-zk-2, 0.124424
EXP-LEAD, 2023-07-19T12:11:26.910, ubuntu22-d, mtd-zk-2, START
EXP-LEAD, 2023-07-19T12:11:32.449, ubuntu22-d, mtd-zk-2, END
EXP-LOAD, 2023-07-19T12:11:33.503, ubuntu22-d, mtd-zk-2, 0.124424
EXP-LEAD, 2023-07-19T12:11:35.081, ubuntu22-d, mtd-zk-2, START
EXP-LEAD, 2023-07-19T12:11:40.516, ubuntu22-d, mtd-zk-2, END
EXP-LOAD, 2023-07-19T12:11:41.571, ubuntu22-d, mtd-zk-2, 0.150144
EXP-LEAD, 2023-07-19T12:11:43.220, ubuntu22-d, mtd-zk-2, START
EXP-LEAD, 2023-07-19T12:11:51.722, ubuntu22-d, mtd-zk-2, END
EXP-LOAD, 2023-07-19T12:11:52.763, ubuntu22-d, mtd-zk-2, 0.275874
EXP-LEAD, 2023-07-19T12:11:54.427, ubuntu22-d, mtd-zk-2, START
EXP-LEAD, 2023-07-19T12:12:00.918, ubuntu22-d, mtd-zk-2, END
EXP-LOAD, 2023-07-19T12:12:01.961, ubuntu22-d, mtd-zk-2, 0.275874
EXP-LEAD, 2023-07-19T12:12:02.559, ubuntu22-d, mtd-zk-2, START
EXP-LEAD, 2023-07-19T12:12:09.074, ubuntu22-d, mtd-zk-2, END
EXP-LOAD, 2023-07-19T12:12:10.131, ubuntu22-d, mtd-zk-2, 0.187536
EXP-LEAD, 2023-07-19T12:12:10.696, ubuntu22-d, mtd-zk-2, START
EXP-LEAD, 2023-07-19T12:12:16.128, ubuntu22-d, mtd-zk-2, END
EXP-LOAD, 2023-07-19T12:12:17.191, ubuntu22-d, mtd-zk-2, 0.187536
EXP-LEAD, 2023-07-19T12:12:19.766, ubuntu22-d, mtd-zk-2, START
EXP-LEAD, 2023-07-19T12:12:27.323, ubuntu22-d, mtd-zk-2, END
EXP-LOAD, 2023-07-19T12:12:28.377, ubuntu22-d, mtd-zk-2, 0.260461
EXP-LEAD, 2023-07-19T12:12:29.919, ubuntu22-d, mtd-zk-2, START
EXP-LEAD, 2023-07-19T12:12:35.352, ubuntu22-d, mtd-zk-2, END
EXP-LOAD, 2023-07-19T12:12:36.403, ubuntu22-d, mtd-zk-2, 0.193353
EXP-LEAD, 2023-07-19T12:12:37.016, ubuntu22-d, mtd-zk-2, START
EXP-LEAD, 2023-07-19T12:12:43.616, ubuntu22-d, mtd-zk-2, END
EXP-LOAD, 2023-07-19T12:12:44.673, ubuntu22-d, mtd-zk-2, 0.193353
EXP-LEAD, 2023-07-19T12:12:46.222, ubuntu22-d, mtd-zk-2, START
EXP-LEAD, 2023-07-19T12:12:53.803, ubuntu22-d, mtd-zk-2, END
EXP-LOAD, 2023-07-19T12:12:54.846, ubuntu22-d, mtd-zk-2, 0.213220
EXP-LEAD, 2023-07-19T12:12:55.295, ubuntu22-d, mtd-zk-2, START
EXP-LEAD, 2023-07-19T12:12:59.804, ubuntu22-d, mtd-zk-2, END
EXP-LOAD, 2023-07-19T12:13:00.848, ubuntu22-d, mtd-zk-2, 0.213220
EXP-LEAD, 2023-07-19T12:13:02.415, ubuntu22-d, mtd-zk-2, START
EXP-LEAD, 2023-07-19T12:13:07.895, ubuntu22-d, mtd-zk-2, END
EXP-LOAD, 2023-07-19T12:13:08.943, ubuntu22-d, mtd-zk-2, 0.159038
EXP-LEAD, 2023-07-19T12:13:10.982, ubuntu22-d, mtd-zk-2, START
EXP-LEAD, 2023-07-19T12:13:18.524, ubuntu22-d, mtd-zk-2, END
EXP-LOAD, 2023-07-19T12:13:19.582, ubuntu22-d, mtd-zk-2, 0.172505
EXP-LEAD, 2023-07-19T12:13:22.102, ubuntu22-d, mtd-zk-2, START
EXP-LEAD, 2023-07-19T12:13:27.497, ubuntu22-d, mtd-zk-2, END
EXP-LOAD, 2023-07-19T12:13:28.543, ubuntu22-d, mtd-zk-2, 0.172505
EXP-LEAD, 2023-07-19T12:13:30.224, ubuntu22-d, mtd-zk-2, START
EXP-LEAD, 2023-07-19T12:13:36.849, ubuntu22-d, mtd-zk-2, END
EXP-LOAD, 2023-07-19T12:13:38.954, ubuntu22-d, mtd-zk-2, 0.114229
EXP-LEAD, 2023-07-19T12:13:40.404, ubuntu22-d, mtd-zk-2, START
EXP-LEAD, 2023-07-19T12:13:44.884, ubuntu22-d, mtd-zk-2, END
EXP-LOAD, 2023-07-19T12:13:45.933, ubuntu22-d, mtd-zk-2, 0.114229
EXP-LEAD, 2023-07-19T12:13:48.498, ubuntu22-d, mtd-zk-2, START
EXP-LEAD, 2023-07-19T12:13:57.188, ubuntu22-d, mtd-zk-2, END
EXP-LOAD, 2023-07-19T12:13:58.298, ubuntu22-d, mtd-zk-2, 0.192743
EXP-LEAD, 2023-07-19T12:13:59.633, ubuntu22-d, mtd-zk-2, START
EXP-LEAD, 2023-07-19T12:14:04.063, ubuntu22-d, mtd-zk-2, END
EXP-LOAD, 2023-07-19T12:14:05.115, ubuntu22-d, mtd-zk-2, 0.123816
EXP-LEAD, 2023-07-19T12:14:07.743, ubuntu22-d, mtd-zk-2, START
EXP-LEAD, 2023-07-19T12:14:15.211, ubuntu22-d, mtd-zk-2, END
EXP-LOAD, 2023-07-19T12:14:16.278, ubuntu22-d, mtd-zk-2, 0.123816
EXP-LEAD, 2023-07-19T12:14:17.933, ubuntu22-d, mtd-zk-2, START
EXP-LEAD, 2023-07-19T12:14:23.434, ubuntu22-d, mtd-zk-2, END
EXP-LOAD, 2023-07-19T12:14:24.465, ubuntu22-d, mtd-zk-2, 0.153910
EXP-LEAD, 2023-07-19T12:14:25.041, ubuntu22-d, mtd-zk-2, START
EXP-LEAD, 2023-07-19T12:14:33.600, ubuntu22-d, mtd-zk-2, END
EXP-LOAD, 2023-07-19T12:14:34.733, ubuntu22-d, mtd-zk-2, 0.129211
EXP-LEAD, 2023-07-19T12:14:36.230, ubuntu22-d, mtd-zk-2, START
EXP-LEAD, 2023-07-19T12:14:41.666, ubuntu22-d, mtd-zk-2, END
EXP-LOAD, 2023-07-19T12:14:42.707, ubuntu22-d, mtd-zk-2, 0.129211
EXP-LEAD, 2023-07-19T12:14:44.341, ubuntu22-d, mtd-zk-2, START
EXP-LEAD, 2023-07-19T12:14:51.853, ubuntu22-d, mtd-zk-2, END
EXP-LOAD, 2023-07-19T12:14:52.926, ubuntu22-d, mtd-zk-2, 0.157659
EXP-LEAD, 2023-07-19T12:14:54.544, ubuntu22-d, mtd-zk-2, START
EXP-LEAD, 2023-07-19T12:14:59.210, ubuntu22-d, mtd-zk-2, END
EXP-LOAD, 2023-07-19T12:15:00.279, ubuntu22-d, mtd-zk-2, 0.157659
EXP-LEAD, 2023-07-19T12:15:00.811, ubuntu22-d, mtd-zk-2, START
EXP-LEAD, 2023-07-19T12:15:06.273, ubuntu22-d, mtd-zk-2, END
EXP-LOAD, 2023-07-19T12:15:07.323, ubuntu22-d, mtd-zk-2, 0.116266
EXP-LEAD, 2023-07-19T12:15:08.904, ubuntu22-d, mtd-zk-2, START
EXP-LEAD, 2023-07-19T12:15:14.418, ubuntu22-d, mtd-zk-2, END
EXP-LOAD, 2023-07-19T12:15:15.451, ubuntu22-d, mtd-zk-2, 0.116266
EXP-LEAD, 2023-07-19T12:15:16.995, ubuntu22-d, mtd-zk-2, START
EXP-LEAD, 2023-07-19T12:15:22.640, ubuntu22-d, mtd-zk-2, END
EXP-LOAD, 2023-07-19T12:15:23.679, ubuntu22-d, mtd-zk-2, 0.218845
EXP-LEAD, 2023-07-19T12:15:26.116, ubuntu22-d, mtd-zk-2, START
EXP-LEAD, 2023-07-19T12:15:30.522, ubuntu22-d, mtd-zk-2, END
EXP-LOAD, 2023-07-19T12:15:31.582, ubuntu22-d, mtd-zk-2, 0.218845
EXP-LEAD, 2023-07-19T12:15:33.249, ubuntu22-d, mtd-zk-2, START
EXP-LEAD, 2023-07-19T12:15:38.700, ubuntu22-d, mtd-zk-2, END
EXP-LOAD, 2023-07-19T12:15:39.755, ubuntu22-d, mtd-zk-2, 0.207039
EXP-LEAD, 2023-07-19T12:15:40.358, ubuntu22-d, mtd-zk-2, START
EXP-LEAD, 2023-07-19T12:15:45.977, ubuntu22-d, mtd-zk-2, END
EXP-LOAD, 2023-07-19T12:15:47.023, ubuntu22-d, mtd-zk-2, 0.207039
EXP-LEAD, 2023-07-19T12:15:47.472, ubuntu22-d, mtd-zk-2, START
EXP-LEAD, 2023-07-19T12:15:55.971, ubuntu22-d, mtd-zk-2, END
EXP-LOAD, 2023-07-19T12:15:57.040, ubuntu22-d, mtd-zk-2, 0.258737
EXP-LEAD, 2023-07-19T12:15:58.585, ubuntu22-d, mtd-zk-2, START
EXP-LEAD, 2023-07-19T12:16:03.027, ubuntu22-d, mtd-zk-2, END
EXP-LOAD, 2023-07-19T12:16:04.064, ubuntu22-d, mtd-zk-2, 0.116064
EXP-LEAD, 2023-07-19T12:16:05.096, ubuntu22-d, mtd-zk-2, START
EXP-LEAD, 2023-07-19T12:16:10.492, ubuntu22-d, mtd-zk-2, END
EXP-LOAD, 2023-07-19T12:16:11.535, ubuntu22-d, mtd-zk-2, 0.116064
EXP-LEAD, 2023-07-19T12:16:14.231, ubuntu22-d, mtd-zk-2, START
EXP-LEAD, 2023-07-19T12:16:21.738, ubuntu22-d, mtd-zk-2, END
EXP-LOAD, 2023-07-19T12:16:22.786, ubuntu22-d, mtd-zk-2, 0.217896
EXP-LEAD, 2023-07-19T12:16:25.349, ubuntu22-d, mtd-zk-2, START
EXP-LEAD, 2023-07-19T12:16:30.757, ubuntu22-d, mtd-zk-2, END
EXP-LOAD, 2023-07-19T12:16:31.811, ubuntu22-d, mtd-zk-2, 0.217896
EXP-LEAD, 2023-07-19T12:16:34.595, ubuntu22-d, mtd-zk-2, START
EXP-LEAD, 2023-07-19T12:16:42.054, ubuntu22-d, mtd-zk-2, END
EXP-LOAD, 2023-07-19T12:16:43.151, ubuntu22-d, mtd-zk-2, 0.120059
EXP-LEAD, 2023-07-19T12:16:44.723, ubuntu22-d, mtd-zk-2, START
EXP-LEAD, 2023-07-19T12:16:49.190, ubuntu22-d, mtd-zk-2, END
EXP-LOAD, 2023-07-19T12:16:50.237, ubuntu22-d, mtd-zk-2, 0.128494
EXP-LEAD, 2023-07-19T12:16:51.834, ubuntu22-d, mtd-zk-2, START
EXP-LEAD, 2023-07-19T12:16:58.465, ubuntu22-d, mtd-zk-2, END
EXP-LOAD, 2023-07-19T12:16:59.508, ubuntu22-d, mtd-zk-2, 0.128494
EXP-LEAD, 2023-07-19T12:17:00.939, ubuntu22-d, mtd-zk-2, START
EXP-LEAD, 2023-07-19T12:17:05.384, ubuntu22-d, mtd-zk-2, END
EXP-LOAD, 2023-07-19T12:17:06.419, ubuntu22-d, mtd-zk-2, 0.167634
EXP-LEAD, 2023-07-19T12:17:08.240, ubuntu22-d, mtd-zk-2, START
EXP-LEAD, 2023-07-19T12:17:12.753, ubuntu22-d, mtd-zk-2, END
EXP-LOAD, 2023-07-19T12:17:13.796, ubuntu22-d, mtd-zk-2, 0.167634
EXP-LEAD, 2023-07-19T12:17:15.352, ubuntu22-d, mtd-zk-2, START
EXP-LEAD, 2023-07-19T12:17:20.782, ubuntu22-d, mtd-zk-2, END
EXP-LOAD, 2023-07-19T12:17:21.823, ubuntu22-d, mtd-zk-2, 0.181736
EXP-LEAD, 2023-07-19T12:17:22.846, ubuntu22-d, mtd-zk-2, START
EXP-LEAD, 2023-07-19T12:17:31.466, ubuntu22-d, mtd-zk-2, END
EXP-LOAD, 2023-07-19T12:17:32.522, ubuntu22-d, mtd-zk-2, 0.181736
EXP-LEAD, 2023-07-19T12:17:33.004, ubuntu22-d, mtd-zk-2, START
EXP-LEAD, 2023-07-19T12:17:39.436, ubuntu22-d, mtd-zk-2, END
EXP-LOAD, 2023-07-19T12:17:40.473, ubuntu22-d, mtd-zk-2, 0.162813
EXP-LEAD, 2023-07-19T12:17:42.145, ubuntu22-d, mtd-zk-2, START
EXP-LEAD, 2023-07-19T12:17:47.586, ubuntu22-d, mtd-zk-2, END
EXP-LOAD, 2023-07-19T12:17:48.651, ubuntu22-d, mtd-zk-2, 0.162813
EXP-LEAD, 2023-07-19T12:17:49.687, ubuntu22-d, mtd-zk-2, START
EXP-LEAD, 2023-07-19T12:17:56.191, ubuntu22-d, mtd-zk-2, END
EXP-LOAD, 2023-07-19T12:17:57.260, ubuntu22-d, mtd-zk-2, 0.156743
EXP-LEAD, 2023-07-19T12:17:57.782, ubuntu22-d, mtd-zk-2, START
EXP-LEAD, 2023-07-19T12:18:09.498, ubuntu22-d, mtd-zk-2, END
EXP-LOAD, 2023-07-19T12:18:10.542, ubuntu22-d, mtd-zk-2, 0.134812
EXP-LEAD, 2023-07-19T12:18:11.893, ubuntu22-d, mtd-zk-2, START
EXP-LEAD, 2023-07-19T12:18:16.374, ubuntu22-d, mtd-zk-2, END
EXP-LOAD, 2023-07-19T12:18:17.424, ubuntu22-d, mtd-zk-2, 0.134812
EXP-LEAD, 2023-07-19T12:18:18.020, ubuntu22-d, mtd-zk-2, START
EXP-LEAD, 2023-07-19T12:18:25.566, ubuntu22-d, mtd-zk-2, END
EXP-LOAD, 2023-07-19T12:18:26.607, ubuntu22-d, mtd-zk-2, 0.165840
EXP-LEAD, 2023-07-19T12:18:28.145, ubuntu22-d, mtd-zk-2, START
EXP-LEAD, 2023-07-19T12:18:32.538, ubuntu22-d, mtd-zk-2, END
EXP-LOAD, 2023-07-19T12:18:33.603, ubuntu22-d, mtd-zk-2, 0.165840
EXP-LEAD, 2023-07-19T12:18:36.252, ubuntu22-d, mtd-zk-2, START
EXP-LEAD, 2023-07-19T12:18:41.754, ubuntu22-d, mtd-zk-2, END
EXP-LOAD, 2023-07-19T12:18:42.810, ubuntu22-d, mtd-zk-2, 0.140017
EXP-LEAD, 2023-07-19T12:18:44.390, ubuntu22-d, mtd-zk-2, START
EXP-LEAD, 2023-07-19T12:18:49.891, ubuntu22-d, mtd-zk-2, END
EXP-LOAD, 2023-07-19T12:18:50.935, ubuntu22-d, mtd-zk-2, 0.231826
EXP-LEAD, 2023-07-19T12:18:52.512, ubuntu22-d, mtd-zk-2, START
EXP-LEAD, 2023-07-19T12:19:01.023, ubuntu22-d, mtd-zk-2, END
EXP-LOAD, 2023-07-19T12:19:02.066, ubuntu22-d, mtd-zk-2, 0.231826
EXP-LEAD, 2023-07-19T12:19:02.593, ubuntu22-d, mtd-zk-2, START
EXP-LEAD, 2023-07-19T12:19:08.097, ubuntu22-d, mtd-zk-2, END
EXP-LOAD, 2023-07-19T12:19:09.144, ubuntu22-d, mtd-zk-2, 0.253248
EXP-LEAD, 2023-07-19T12:19:09.678, ubuntu22-d, mtd-zk-2, START
EXP-LEAD, 2023-07-19T12:19:22.379, ubuntu22-d, mtd-zk-2, END
EXP-LOAD, 2023-07-19T12:19:23.477, ubuntu22-d, mtd-zk-2, 0.185232
EXP-LEAD, 2023-07-19T12:19:24.829, ubuntu22-d, mtd-zk-2, START
EXP-LEAD, 2023-07-19T12:19:30.284, ubuntu22-d, mtd-zk-2, END
EXP-LOAD, 2023-07-19T12:19:31.316, ubuntu22-d, mtd-zk-2, 0.185232
EXP-LEAD, 2023-07-19T12:19:32.924, ubuntu22-d, mtd-zk-2, START
EXP-LEAD, 2023-07-19T12:19:37.598, ubuntu22-d, mtd-zk-2, END
EXP-LOAD, 2023-07-19T12:19:38.646, ubuntu22-d, mtd-zk-2, 0.166031
EXP-LEAD, 2023-07-19T12:19:40.011, ubuntu22-d, mtd-zk-2, START
EXP-LEAD, 2023-07-19T12:19:47.742, ubuntu22-d, mtd-zk-2, END
EXP-LOAD, 2023-07-19T12:19:48.800, ubuntu22-d, mtd-zk-2, 0.166031
EXP-LEAD, 2023-07-19T12:19:51.158, ubuntu22-d, mtd-zk-2, START
EXP-LEAD, 2023-07-19T12:19:57.670, ubuntu22-d, mtd-zk-2, END
EXP-LOAD, 2023-07-19T12:19:58.715, ubuntu22-d, mtd-zk-2, 0.167325
EXP-LEAD, 2023-07-19T12:20:00.284, ubuntu22-d, mtd-zk-2, START
EXP-LEAD, 2023-07-19T12:20:04.824, ubuntu22-d, mtd-zk-2, END
EXP-LOAD, 2023-07-19T12:20:05.883, ubuntu22-d, mtd-zk-2, 0.206014
EXP-LEAD, 2023-07-19T12:20:07.356, ubuntu22-d, mtd-zk-2, START
EXP-LEAD, 2023-07-19T12:20:17.070, ubuntu22-d, mtd-zk-2, END
EXP-LOAD, 2023-07-19T12:20:18.110, ubuntu22-d, mtd-zk-2, 0.206014
EXP-LEAD, 2023-07-19T12:20:20.505, ubuntu22-d, mtd-zk-2, START
EXP-LEAD, 2023-07-19T12:20:30.078, ubuntu22-d, mtd-zk-2, END
EXP-LOAD, 2023-07-19T12:20:31.144, ubuntu22-d, mtd-zk-2, 0.150448
EXP-LEAD, 2023-07-19T12:20:32.186, ubuntu22-d, mtd-zk-2, START
EXP-LEAD, 2023-07-19T12:20:36.661, ubuntu22-d, mtd-zk-2, END
EXP-LOAD, 2023-07-19T12:20:37.706, ubuntu22-d, mtd-zk-2, 0.142425
EXP-LEAD, 2023-07-19T12:20:40.676, ubuntu22-d, mtd-zk-2, START
EXP-LEAD, 2023-07-19T12:20:50.184, ubuntu22-d, mtd-zk-2, END
EXP-LOAD, 2023-07-19T12:20:51.218, ubuntu22-d, mtd-zk-2, 0.167539
EXP-LEAD, 2023-07-19T12:20:52.745, ubuntu22-d, mtd-zk-2, START
EXP-LEAD, 2023-07-19T12:20:58.128, ubuntu22-d, mtd-zk-2, END
EXP-LOAD, 2023-07-19T12:20:59.167, ubuntu22-d, mtd-zk-2, 0.167539
EXP-LEAD, 2023-07-19T12:21:00.825, ubuntu22-d, mtd-zk-2, START
EXP-LEAD, 2023-07-19T12:21:06.348, ubuntu22-d, mtd-zk-2, END
EXP-LOAD, 2023-07-19T12:21:07.564, ubuntu22-d, mtd-zk-2, 0.200822
EXP-LEAD, 2023-07-19T12:21:08.935, ubuntu22-d, mtd-zk-2, START
EXP-LEAD, 2023-07-19T12:21:16.431, ubuntu22-d, mtd-zk-2, END
EXP-LOAD, 2023-07-19T12:21:17.474, ubuntu22-d, mtd-zk-2, 0.200822
EXP-LEAD, 2023-07-19T12:21:19.108, ubuntu22-d, mtd-zk-2, START
EXP-LEAD, 2023-07-19T12:21:23.540, ubuntu22-d, mtd-zk-2, END
EXP-LOAD, 2023-07-19T12:21:24.578, ubuntu22-d, mtd-zk-2, 0.165170
EXP-LEAD, 2023-07-19T12:21:26.256, ubuntu22-d, mtd-zk-2, START
EXP-LEAD, 2023-07-19T12:21:34.824, ubuntu22-d, mtd-zk-2, END
EXP-LOAD, 2023-07-19T12:21:35.879, ubuntu22-d, mtd-zk-2, 0.216019
EXP-LEAD, 2023-07-19T12:21:38.389, ubuntu22-d, mtd-zk-2, START
EXP-LEAD, 2023-07-19T12:21:42.849, ubuntu22-d, mtd-zk-2, END
EXP-LOAD, 2023-07-19T12:21:43.935, ubuntu22-d, mtd-zk-2, 0.216019
EXP-LEAD, 2023-07-19T12:21:44.496, ubuntu22-d, mtd-zk-2, START
EXP-LEAD, 2023-07-19T12:21:49.878, ubuntu22-d, mtd-zk-2, END
EXP-LOAD, 2023-07-19T12:21:50.910, ubuntu22-d, mtd-zk-2, 0.170832
EXP-LEAD, 2023-07-19T12:21:52.606, ubuntu22-d, mtd-zk-2, START
EXP-LEAD, 2023-07-19T12:21:58.036, ubuntu22-d, mtd-zk-2, END
EXP-LOAD, 2023-07-19T12:22:00.095, ubuntu22-d, mtd-zk-2, 0.170832
EXP-LEAD, 2023-07-19T12:22:00.705, ubuntu22-d, mtd-zk-2, START
EXP-LEAD, 2023-07-19T12:22:08.167, ubuntu22-d, mtd-zk-2, END
EXP-LOAD, 2023-07-19T12:22:09.229, ubuntu22-d, mtd-zk-2, 0.311661
EXP-LEAD, 2023-07-19T12:22:10.258, ubuntu22-d, mtd-zk-2, START
EXP-LEAD, 2023-07-19T12:22:16.767, ubuntu22-d, mtd-zk-2, END
EXP-LOAD, 2023-07-19T12:22:17.801, ubuntu22-d, mtd-zk-2, 0.311661
EXP-LEAD, 2023-07-19T12:22:19.353, ubuntu22-d, mtd-zk-2, START
EXP-LEAD, 2023-07-19T12:22:26.894, ubuntu22-d, mtd-zk-2, END
EXP-LOAD, 2023-07-19T12:22:28.003, ubuntu22-d, mtd-zk-2, 0.180631
EXP-LEAD, 2023-07-19T12:22:29.028, ubuntu22-d, mtd-zk-2, START
EXP-LEAD, 2023-07-19T12:22:33.505, ubuntu22-d, mtd-zk-2, END
EXP-LOAD, 2023-07-19T12:22:34.562, ubuntu22-d, mtd-zk-2, 0.123611
EXP-LEAD, 2023-07-19T12:22:36.219, ubuntu22-d, mtd-zk-2, START
EXP-LEAD, 2023-07-19T12:22:43.750, ubuntu22-d, mtd-zk-2, END
EXP-LOAD, 2023-07-19T12:22:44.796, ubuntu22-d, mtd-zk-2, 0.123611
EXP-LEAD, 2023-07-19T12:22:46.344, ubuntu22-d, mtd-zk-2, START
EXP-LEAD, 2023-07-19T12:22:51.810, ubuntu22-d, mtd-zk-2, END
EXP-LOAD, 2023-07-19T12:22:52.850, ubuntu22-d, mtd-zk-2, 0.225446
EXP-LEAD, 2023-07-19T12:22:54.422, ubuntu22-d, mtd-zk-2, START
EXP-LEAD, 2023-07-19T12:22:59.970, ubuntu22-d, mtd-zk-2, END
EXP-LOAD, 2023-07-19T12:23:01.026, ubuntu22-d, mtd-zk-2, 0.225446
EXP-LEAD, 2023-07-19T12:23:02.570, ubuntu22-d, mtd-zk-2, START
EXP-LEAD, 2023-07-19T12:23:11.052, ubuntu22-d, mtd-zk-2, END
EXP-LOAD, 2023-07-19T12:23:12.136, ubuntu22-d, mtd-zk-2, 0.230453
EXP-LEAD, 2023-07-19T12:23:13.706, ubuntu22-d, mtd-zk-2, START
EXP-LEAD, 2023-07-19T12:23:19.132, ubuntu22-d, mtd-zk-2, END
EXP-LOAD, 2023-07-19T12:23:20.191, ubuntu22-d, mtd-zk-2, 0.201728
EXP-LEAD, 2023-07-19T12:23:20.891, ubuntu22-d, mtd-zk-2, START
EXP-LEAD, 2023-07-19T12:23:26.403, ubuntu22-d, mtd-zk-2, END
EXP-LOAD, 2023-07-19T12:23:27.443, ubuntu22-d, mtd-zk-2, 0.201728
EXP-LEAD, 2023-07-19T12:23:28.979, ubuntu22-d, mtd-zk-2, START
EXP-LEAD, 2023-07-19T12:23:33.484, ubuntu22-d, mtd-zk-2, END
EXP-LOAD, 2023-07-19T12:23:34.530, ubuntu22-d, mtd-zk-2, 0.178017
EXP-LEAD, 2023-07-19T12:23:37.072, ubuntu22-d, mtd-zk-2, START
EXP-LEAD, 2023-07-19T12:23:42.533, ubuntu22-d, mtd-zk-2, END
EXP-LOAD, 2023-07-19T12:23:43.587, ubuntu22-d, mtd-zk-2, 0.178017
EXP-LEAD, 2023-07-19T12:23:44.202, ubuntu22-d, mtd-zk-2, START
EXP-LEAD, 2023-07-19T12:23:50.750, ubuntu22-d, mtd-zk-2, END
EXP-LOAD, 2023-07-19T12:23:51.810, ubuntu22-d, mtd-zk-2, 0.226889
EXP-LEAD, 2023-07-19T12:23:52.336, ubuntu22-d, mtd-zk-2, START
EXP-LEAD, 2023-07-19T12:24:00.961, ubuntu22-d, mtd-zk-2, END
EXP-LOAD, 2023-07-19T12:24:02.014, ubuntu22-d, mtd-zk-2, 0.226889
EXP-LEAD, 2023-07-19T12:24:03.460, ubuntu22-d, mtd-zk-2, START
EXP-LEAD, 2023-07-19T12:24:07.881, ubuntu22-d, mtd-zk-2, END
EXP-LOAD, 2023-07-19T12:24:08.921, ubuntu22-d, mtd-zk-2, 0.240232
EXP-LEAD, 2023-07-19T12:24:09.588, ubuntu22-d, mtd-zk-2, START
EXP-LEAD, 2023-07-19T12:24:15.070, ubuntu22-d, mtd-zk-2, END
EXP-LOAD, 2023-07-19T12:24:16.124, ubuntu22-d, mtd-zk-2, 0.240232
EXP-LEAD, 2023-07-19T12:24:17.733, ubuntu22-d, mtd-zk-2, START
EXP-LEAD, 2023-07-19T12:24:23.422, ubuntu22-d, mtd-zk-2, END
EXP-LOAD, 2023-07-19T12:24:24.471, ubuntu22-d, mtd-zk-2, 0.247023
EXP-LEAD, 2023-07-19T12:24:24.804, ubuntu22-d, mtd-zk-2, START
EXP-LEAD, 2023-07-19T12:24:31.345, ubuntu22-d, mtd-zk-2, END
EXP-LOAD, 2023-07-19T12:24:32.433, ubuntu22-d, mtd-zk-2, 0.247023
EXP-LOAD, 2023-07-19T12:24:45.628, ubuntu22-d, mtd-zk-2, 0.236214
EXP-LEAD, 2023-07-19T12:24:49.713, ubuntu22-d, mtd-zk-2, START
EXP-LEAD, 2023-07-19T12:24:55.381, ubuntu22-d, mtd-zk-2, END
EXP-LOAD, 2023-07-19T12:24:56.444, ubuntu22-d, mtd-zk-2, 0.152041
EXP-LEAD, 2023-07-19T12:24:58.471, ubuntu22-d, mtd-zk-2, START
EXP-LEAD, 2023-07-19T12:25:03.116, ubuntu22-d, mtd-zk-2, END
EXP-LOAD, 2023-07-19T12:25:04.188, ubuntu22-d, mtd-zk-2, 0.214234
EXP-LEAD, 2023-07-19T12:25:04.619, ubuntu22-d, mtd-zk-2, START
EXP-LEAD, 2023-07-19T12:25:13.378, ubuntu22-d, mtd-zk-2, END
EXP-LOAD, 2023-07-19T12:25:14.438, ubuntu22-d, mtd-zk-2, 0.214234
EXP-LEAD, 2023-07-19T12:25:15.741, ubuntu22-d, mtd-zk-2, START
EXP-LEAD, 2023-07-19T12:25:22.270, ubuntu22-d, mtd-zk-2, END
EXP-LOAD, 2023-07-19T12:25:23.313, ubuntu22-d, mtd-zk-2, 0.211833
EXP-LEAD, 2023-07-19T12:25:24.875, ubuntu22-d, mtd-zk-2, START
EXP-LEAD, 2023-07-19T12:25:33.366, ubuntu22-d, mtd-zk-2, END
EXP-LOAD, 2023-07-19T12:25:34.443, ubuntu22-d, mtd-zk-2, 0.127434
EXP-LEAD, 2023-07-19T12:25:37.084, ubuntu22-d, mtd-zk-2, START
EXP-LEAD, 2023-07-19T12:25:42.550, ubuntu22-d, mtd-zk-2, END
EXP-LOAD, 2023-07-19T12:25:43.602, ubuntu22-d, mtd-zk-2, 0.127434
EXP-LEAD, 2023-07-19T12:25:45.217, ubuntu22-d, mtd-zk-2, START
EXP-LEAD, 2023-07-19T12:25:53.667, ubuntu22-d, mtd-zk-2, END
EXP-LOAD, 2023-07-19T12:25:54.721, ubuntu22-d, mtd-zk-2, 0.124014
EXP-LEAD, 2023-07-19T12:25:56.336, ubuntu22-d, mtd-zk-2, START
EXP-LEAD, 2023-07-19T12:26:01.806, ubuntu22-d, mtd-zk-2, END
EXP-LOAD, 2023-07-19T12:26:02.853, ubuntu22-d, mtd-zk-2, 0.124014
EXP-LEAD, 2023-07-19T12:26:04.424, ubuntu22-d, mtd-zk-2, START
EXP-LEAD, 2023-07-19T12:26:11.862, ubuntu22-d, mtd-zk-2, END
EXP-LOAD, 2023-07-19T12:26:12.927, ubuntu22-d, mtd-zk-2, 0.182250
EXP-LEAD, 2023-07-19T12:26:12.957, ubuntu22-d, mtd-zk-2, START
EXP-LEAD, 2023-07-19T12:26:17.441, ubuntu22-d, mtd-zk-2, END
EXP-LOAD, 2023-07-19T12:26:18.477, ubuntu22-d, mtd-zk-2, 0.182250
EXP-LEAD, 2023-07-19T12:26:20.507, ubuntu22-d, mtd-zk-2, START
EXP-LEAD, 2023-07-19T12:26:30.079, ubuntu22-d, mtd-zk-2, END
EXP-LOAD, 2023-07-19T12:26:31.121, ubuntu22-d, mtd-zk-2, 0.190796
EXP-LEAD, 2023-07-19T12:26:31.619, ubuntu22-d, mtd-zk-2, START
EXP-LEAD, 2023-07-19T12:26:37.152, ubuntu22-d, mtd-zk-2, END
EXP-LOAD, 2023-07-19T12:26:38.197, ubuntu22-d, mtd-zk-2, 0.094268
EXP-LEAD, 2023-07-19T12:26:40.750, ubuntu22-d, mtd-zk-2, START
EXP-LEAD, 2023-07-19T12:26:46.220, ubuntu22-d, mtd-zk-2, END
EXP-LOAD, 2023-07-19T12:26:47.299, ubuntu22-d, mtd-zk-2, 0.094268
EXP-LEAD, 2023-07-19T12:26:47.324, ubuntu22-d, mtd-zk-2, START
EXP-LEAD, 2023-07-19T12:26:55.819, ubuntu22-d, mtd-zk-2, END
EXP-LOAD, 2023-07-19T12:26:56.893, ubuntu22-d, mtd-zk-2, 0.210342
EXP-LEAD, 2023-07-19T12:26:57.924, ubuntu22-d, mtd-zk-2, START
EXP-LEAD, 2023-07-19T12:27:02.452, ubuntu22-d, mtd-zk-2, END
EXP-LOAD, 2023-07-19T12:27:03.496, ubuntu22-d, mtd-zk-2, 0.210342
EXP-LEAD, 2023-07-19T12:27:05.034, ubuntu22-d, mtd-zk-2, START
EXP-LEAD, 2023-07-19T12:27:10.516, ubuntu22-d, mtd-zk-2, END
EXP-LOAD, 2023-07-19T12:27:11.565, ubuntu22-d, mtd-zk-2, 0.148018
EXP-LEAD, 2023-07-19T12:27:13.132, ubuntu22-d, mtd-zk-2, START
EXP-LEAD, 2023-07-19T12:27:20.596, ubuntu22-d, mtd-zk-2, END
EXP-LOAD, 2023-07-19T12:27:21.678, ubuntu22-d, mtd-zk-2, 0.208331
EXP-LEAD, 2023-07-19T12:27:22.251, ubuntu22-d, mtd-zk-2, START
EXP-LEAD, 2023-07-19T12:27:26.767, ubuntu22-d, mtd-zk-2, END
EXP-LOAD, 2023-07-19T12:27:27.806, ubuntu22-d, mtd-zk-2, 0.208331
EXP-LEAD, 2023-07-19T12:27:29.376, ubuntu22-d, mtd-zk-2, START
EXP-LEAD, 2023-07-19T12:27:35.858, ubuntu22-d, mtd-zk-2, END
EXP-LOAD, 2023-07-19T12:27:36.914, ubuntu22-d, mtd-zk-2, 0.241028
EXP-LEAD, 2023-07-19T12:27:38.559, ubuntu22-d, mtd-zk-2, START
EXP-LEAD, 2023-07-19T12:27:43.104, ubuntu22-d, mtd-zk-2, END
EXP-LOAD, 2023-07-19T12:27:44.133, ubuntu22-d, mtd-zk-2, 0.241028
EXP-LEAD, 2023-07-19T12:27:45.642, ubuntu22-d, mtd-zk-2, START
EXP-LEAD, 2023-07-19T12:27:54.162, ubuntu22-d, mtd-zk-2, END
EXP-LOAD, 2023-07-19T12:27:55.202, ubuntu22-d, mtd-zk-2, 0.157520
EXP-LEAD, 2023-07-19T12:27:56.769, ubuntu22-d, mtd-zk-2, START
EXP-LEAD, 2023-07-19T12:28:01.245, ubuntu22-d, mtd-zk-2, END
EXP-LOAD, 2023-07-19T12:28:02.278, ubuntu22-d, mtd-zk-2, 0.157520
EXP-LEAD, 2023-07-19T12:28:03.925, ubuntu22-d, mtd-zk-2, START
EXP-LEAD, 2023-07-19T12:28:09.410, ubuntu22-d, mtd-zk-2, END
EXP-LOAD, 2023-07-19T12:28:10.453, ubuntu22-d, mtd-zk-2, 0.120235
EXP-LEAD, 2023-07-19T12:28:12.016, ubuntu22-d, mtd-zk-2, START
EXP-LEAD, 2023-07-19T12:28:17.491, ubuntu22-d, mtd-zk-2, END
EXP-LOAD, 2023-07-19T12:28:18.522, ubuntu22-d, mtd-zk-2, 0.120235
EXP-LEAD, 2023-07-19T12:28:20.113, ubuntu22-d, mtd-zk-2, START
EXP-LEAD, 2023-07-19T12:28:28.802, ubuntu22-d, mtd-zk-2, END
EXP-LOAD, 2023-07-19T12:28:29.844, ubuntu22-d, mtd-zk-2, 0.207529
EXP-LEAD, 2023-07-19T12:28:31.238, ubuntu22-d, mtd-zk-2, START
EXP-LEAD, 2023-07-19T12:28:36.970, ubuntu22-d, mtd-zk-2, END
EXP-LOAD, 2023-07-19T12:28:38.008, ubuntu22-d, mtd-zk-2, 0.121224
EXP-LEAD, 2023-07-19T12:28:39.339, ubuntu22-d, mtd-zk-2, START
EXP-LEAD, 2023-07-19T12:28:43.839, ubuntu22-d, mtd-zk-2, END
EXP-LOAD, 2023-07-19T12:28:44.904, ubuntu22-d, mtd-zk-2, 0.121224
EXP-LEAD, 2023-07-19T12:28:47.426, ubuntu22-d, mtd-zk-2, START
EXP-LEAD, 2023-07-19T12:28:52.978, ubuntu22-d, mtd-zk-2, END
EXP-LOAD, 2023-07-19T12:28:54.013, ubuntu22-d, mtd-zk-2, 0.180448
EXP-LEAD, 2023-07-19T12:28:54.566, ubuntu22-d, mtd-zk-2, START
EXP-LEAD, 2023-07-19T12:29:04.350, ubuntu22-d, mtd-zk-2, END
EXP-LOAD, 2023-07-19T12:29:05.415, ubuntu22-d, mtd-zk-2, 0.179425
EXP-LEAD, 2023-07-19T12:29:06.702, ubuntu22-d, mtd-zk-2, START
EXP-LEAD, 2023-07-19T12:29:12.610, ubuntu22-d, mtd-zk-2, END
EXP-LOAD, 2023-07-19T12:29:13.647, ubuntu22-d, mtd-zk-2, 0.179425
EXP-LEAD, 2023-07-19T12:29:14.818, ubuntu22-d, mtd-zk-2, START
EXP-LEAD, 2023-07-19T12:29:23.429, ubuntu22-d, mtd-zk-2, END
EXP-LOAD, 2023-07-19T12:29:24.499, ubuntu22-d, mtd-zk-2, 0.165326
EXP-LEAD, 2023-07-19T12:29:26.996, ubuntu22-d, mtd-zk-2, START
EXP-LEAD, 2023-07-19T12:29:31.521, ubuntu22-d, mtd-zk-2, END
EXP-LOAD, 2023-07-19T12:29:32.620, ubuntu22-d, mtd-zk-2, 0.165326
EXP-LEAD, 2023-07-19T12:29:34.104, ubuntu22-d, mtd-zk-2, START
EXP-LEAD, 2023-07-19T12:29:43.678, ubuntu22-d, mtd-zk-2, END
EXP-LOAD, 2023-07-19T12:29:44.723, ubuntu22-d, mtd-zk-2, 0.209635
EXP-LEAD, 2023-07-19T12:29:46.216, ubuntu22-d, mtd-zk-2, START
EXP-LEAD, 2023-07-19T12:29:51.693, ubuntu22-d, mtd-zk-2, END
EXP-LOAD, 2023-07-19T12:29:52.723, ubuntu22-d, mtd-zk-2, 0.142018
EXP-LEAD, 2023-07-19T12:29:54.344, ubuntu22-d, mtd-zk-2, START
EXP-LEAD, 2023-07-19T12:29:59.790, ubuntu22-d, mtd-zk-2, END
EXP-LOAD, 2023-07-19T12:30:00.835, ubuntu22-d, mtd-zk-2, 0.142018
EXP-LEAD, 2023-07-19T12:30:02.438, ubuntu22-d, mtd-zk-2, START
EXP-LEAD, 2023-07-19T12:30:07.930, ubuntu22-d, mtd-zk-2, END
EXP-LOAD, 2023-07-19T12:30:08.992, ubuntu22-d, mtd-zk-2, 0.184240
EXP-LEAD, 2023-07-19T12:30:10.574, ubuntu22-d, mtd-zk-2, START
EXP-LEAD, 2023-07-19T12:30:16.100, ubuntu22-d, mtd-zk-2, END
EXP-LOAD, 2023-07-19T12:30:17.179, ubuntu22-d, mtd-zk-2, 0.184240
EXP-LEAD, 2023-07-19T12:30:17.728, ubuntu22-d, mtd-zk-2, START
EXP-LEAD, 2023-07-19T12:30:25.166, ubuntu22-d, mtd-zk-2, END
EXP-LOAD, 2023-07-19T12:30:26.244, ubuntu22-d, mtd-zk-2, 0.232455
EXP-LEAD, 2023-07-19T12:30:27.869, ubuntu22-d, mtd-zk-2, START
EXP-LEAD, 2023-07-19T12:30:33.272, ubuntu22-d, mtd-zk-2, END
EXP-LOAD, 2023-07-19T12:30:34.351, ubuntu22-d, mtd-zk-2, 0.221843
EXP-LEAD, 2023-07-19T12:30:37.001, ubuntu22-d, mtd-zk-2, START
EXP-LEAD, 2023-07-19T12:30:43.509, ubuntu22-d, mtd-zk-2, END
EXP-LOAD, 2023-07-19T12:30:44.573, ubuntu22-d, mtd-zk-2, 0.221843
EXP-LEAD, 2023-07-19T12:30:46.161, ubuntu22-d, mtd-zk-2, START
EXP-LEAD, 2023-07-19T12:30:50.574, ubuntu22-d, mtd-zk-2, END
EXP-LOAD, 2023-07-19T12:30:51.616, ubuntu22-d, mtd-zk-2, 0.169224
EXP-LEAD, 2023-07-19T12:30:53.258, ubuntu22-d, mtd-zk-2, START
EXP-LEAD, 2023-07-19T12:30:58.671, ubuntu22-d, mtd-zk-2, END
EXP-LOAD, 2023-07-19T12:30:59.715, ubuntu22-d, mtd-zk-2, 0.169224
EXP-LEAD, 2023-07-19T12:31:01.367, ubuntu22-d, mtd-zk-2, START
EXP-LEAD, 2023-07-19T12:31:08.843, ubuntu22-d, mtd-zk-2, END
EXP-LOAD, 2023-07-19T12:31:09.917, ubuntu22-d, mtd-zk-2, 0.214860
EXP-LEAD, 2023-07-19T12:31:11.539, ubuntu22-d, mtd-zk-2, START
EXP-LEAD, 2023-07-19T12:31:16.074, ubuntu22-d, mtd-zk-2, END
EXP-LOAD, 2023-07-19T12:31:17.114, ubuntu22-d, mtd-zk-2, 0.214860
EXP-LEAD, 2023-07-19T12:31:17.627, ubuntu22-d, mtd-zk-2, START
EXP-LEAD, 2023-07-19T12:31:25.126, ubuntu22-d, mtd-zk-2, END
EXP-LOAD, 2023-07-19T12:31:26.183, ubuntu22-d, mtd-zk-2, 0.197243
EXP-LEAD, 2023-07-19T12:31:27.814, ubuntu22-d, mtd-zk-2, START
EXP-LEAD, 2023-07-19T12:31:33.214, ubuntu22-d, mtd-zk-2, END
EXP-LOAD, 2023-07-19T12:31:34.264, ubuntu22-d, mtd-zk-2, 0.195638
EXP-LEAD, 2023-07-19T12:31:36.883, ubuntu22-d, mtd-zk-2, START
EXP-LEAD, 2023-07-19T12:31:42.341, ubuntu22-d, mtd-zk-2, END
EXP-LOAD, 2023-07-19T12:31:43.387, ubuntu22-d, mtd-zk-2, 0.195638
EXP-LEAD, 2023-07-19T12:31:43.978, ubuntu22-d, mtd-zk-2, START
EXP-LEAD, 2023-07-19T12:31:54.573, ubuntu22-d, mtd-zk-2, END
EXP-LOAD, 2023-07-19T12:31:55.631, ubuntu22-d, mtd-zk-2, 0.201437
EXP-LEAD, 2023-07-19T12:31:57.162, ubuntu22-d, mtd-zk-2, START
EXP-LEAD, 2023-07-19T12:32:02.587, ubuntu22-d, mtd-zk-2, END
EXP-LOAD, 2023-07-19T12:32:03.635, ubuntu22-d, mtd-zk-2, 0.201437
EXP-LEAD, 2023-07-19T12:32:05.223, ubuntu22-d, mtd-zk-2, START
EXP-LEAD, 2023-07-19T12:32:10.690, ubuntu22-d, mtd-zk-2, END
EXP-LOAD, 2023-07-19T12:32:11.730, ubuntu22-d, mtd-zk-2, 0.152053
EXP-LEAD, 2023-07-19T12:32:13.322, ubuntu22-d, mtd-zk-2, START
EXP-LEAD, 2023-07-19T12:32:21.814, ubuntu22-d, mtd-zk-2, END
EXP-LOAD, 2023-07-19T12:32:22.881, ubuntu22-d, mtd-zk-2, 0.246617
EXP-LEAD, 2023-07-19T12:32:22.933, ubuntu22-d, mtd-zk-2, START
EXP-LEAD, 2023-07-19T12:32:29.539, ubuntu22-d, mtd-zk-2, END
EXP-LOAD, 2023-07-19T12:32:30.570, ubuntu22-d, mtd-zk-2, 0.246617
EXP-LEAD, 2023-07-19T12:32:32.031, ubuntu22-d, mtd-zk-2, START
EXP-LEAD, 2023-07-19T12:32:37.711, ubuntu22-d, mtd-zk-2, END
EXP-LOAD, 2023-07-19T12:32:38.801, ubuntu22-d, mtd-zk-2, 0.136319
EXP-LEAD, 2023-07-19T12:32:40.133, ubuntu22-d, mtd-zk-2, START
EXP-LEAD, 2023-07-19T12:32:47.655, ubuntu22-d, mtd-zk-2, END
EXP-LOAD, 2023-07-19T12:32:48.699, ubuntu22-d, mtd-zk-2, 0.136319
EXP-LEAD, 2023-07-19T12:32:49.297, ubuntu22-d, mtd-zk-2, START
EXP-LEAD, 2023-07-19T12:32:54.865, ubuntu22-d, mtd-zk-2, END
EXP-LOAD, 2023-07-19T12:32:55.912, ubuntu22-d, mtd-zk-2, 0.197310
EXP-LEAD, 2023-07-19T12:32:57.396, ubuntu22-d, mtd-zk-2, START
EXP-LEAD, 2023-07-19T12:33:05.895, ubuntu22-d, mtd-zk-2, END
EXP-LOAD, 2023-07-19T12:33:06.932, ubuntu22-d, mtd-zk-2, 0.142426
EXP-LEAD, 2023-07-19T12:33:09.491, ubuntu22-d, mtd-zk-2, START
EXP-LEAD, 2023-07-19T12:33:14.889, ubuntu22-d, mtd-zk-2, END
EXP-LOAD, 2023-07-19T12:33:15.933, ubuntu22-d, mtd-zk-2, 0.142426
EXP-LEAD, 2023-07-19T12:33:18.418, ubuntu22-d, mtd-zk-2, START
EXP-LEAD, 2023-07-19T12:33:25.000, ubuntu22-d, mtd-zk-2, END
EXP-LOAD, 2023-07-19T12:33:26.119, ubuntu22-d, mtd-zk-2, 0.180025
EXP-LEAD, 2023-07-19T12:33:27.549, ubuntu22-d, mtd-zk-2, START
EXP-LEAD, 2023-07-19T12:33:33.033, ubuntu22-d, mtd-zk-2, END
EXP-LOAD, 2023-07-19T12:33:34.088, ubuntu22-d, mtd-zk-2, 0.212573
EXP-LEAD, 2023-07-19T12:33:36.113, ubuntu22-d, mtd-zk-2, START
EXP-LEAD, 2023-07-19T12:33:41.558, ubuntu22-d, mtd-zk-2, END
EXP-LOAD, 2023-07-19T12:33:42.697, ubuntu22-d, mtd-zk-2, 0.212573
EXP-LEAD, 2023-07-19T12:33:45.233, ubuntu22-d, mtd-zk-2, START
EXP-LEAD, 2023-07-19T12:33:50.690, ubuntu22-d, mtd-zk-2, END
