EXP-LOAD, 2023-07-18T15:03:14.276, ubuntu22-c, mtd-zk-1, 0.238608
EXP-LOAD, 2023-07-18T15:03:27.431, ubuntu22-c, mtd-zk-1, 0.101435
EXP-LOAD, 2023-07-18T15:03:35.624, ubuntu22-c, mtd-zk-1, 0.240017
EXP-LOAD, 2023-07-18T15:03:44.853, ubuntu22-c, mtd-zk-1, 0.240017
EXP-LOAD, 2023-07-18T15:03:55.021, ubuntu22-c, mtd-zk-1, 0.281823
EXP-LOAD, 2023-07-18T15:04:03.174, ubuntu22-c, mtd-zk-1, 0.281823
EXP-LOAD, 2023-07-18T15:04:10.365, ubuntu22-c, mtd-zk-1, 0.132213
EXP-LOAD, 2023-07-18T15:04:17.542, ubuntu22-c, mtd-zk-1, 0.132213
EXP-LOAD, 2023-07-18T15:04:27.669, ubuntu22-c, mtd-zk-1, 0.202047
EXP-LEAD, 2023-07-18T15:04:29.717, ubuntu22-c, mtd-zk-1, START
EXP-LEAD, 2023-07-18T15:04:35.209, ubuntu22-c, mtd-zk-1, END
EXP-LOAD, 2023-07-18T15:04:36.263, ubuntu22-c, mtd-zk-1, 0.284722
EXP-LOAD, 2023-07-18T15:04:44.937, ubuntu22-c, mtd-zk-1, 0.284722
EXP-LEAD, 2023-07-18T15:04:46.020, ubuntu22-c, mtd-zk-1, START
EXP-LEAD, 2023-07-18T15:04:53.064, ubuntu22-c, mtd-zk-1, END
EXP-LOAD, 2023-07-18T15:04:54.135, ubuntu22-c, mtd-zk-1, 0.275451
EXP-LOAD, 2023-07-18T15:05:00.384, ubuntu22-c, mtd-zk-1, 0.275451
EXP-LEAD, 2023-07-18T15:05:02.394, ubuntu22-c, mtd-zk-1, START
EXP-LEAD, 2023-07-18T15:05:11.214, ubuntu22-c, mtd-zk-1, END
EXP-LOAD, 2023-07-18T15:05:12.301, ubuntu22-c, mtd-zk-1, 0.281514
EXP-LEAD, 2023-07-18T15:05:13.518, ubuntu22-c, mtd-zk-1, START
EXP-LEAD, 2023-07-18T15:05:18.277, ubuntu22-c, mtd-zk-1, END
EXP-LOAD, 2023-07-18T15:05:19.344, ubuntu22-c, mtd-zk-1, 0.159792
EXP-LEAD, 2023-07-18T15:05:20.606, ubuntu22-c, mtd-zk-1, START
EXP-LEAD, 2023-07-18T15:05:27.216, ubuntu22-c, mtd-zk-1, END
EXP-LOAD, 2023-07-18T15:05:28.296, ubuntu22-c, mtd-zk-1, 0.159792
EXP-LOAD, 2023-07-18T15:05:34.790, ubuntu22-c, mtd-zk-1, 0.278339
EXP-LEAD, 2023-07-18T15:05:36.845, ubuntu22-c, mtd-zk-1, START
EXP-LEAD, 2023-07-18T15:05:46.509, ubuntu22-c, mtd-zk-1, END
EXP-LOAD, 2023-07-18T15:05:47.595, ubuntu22-c, mtd-zk-1, 0.278339
EXP-LOAD, 2023-07-18T15:05:54.757, ubuntu22-c, mtd-zk-1, 0.152619
EXP-LEAD, 2023-07-18T15:05:55.814, ubuntu22-c, mtd-zk-1, START
EXP-LEAD, 2023-07-18T15:06:01.351, ubuntu22-c, mtd-zk-1, END
EXP-LOAD, 2023-07-18T15:06:02.407, ubuntu22-c, mtd-zk-1, 0.152619
EXP-LOAD, 2023-07-18T15:06:13.022, ubuntu22-c, mtd-zk-1, 0.172223
EXP-LOAD, 2023-07-18T15:06:21.148, ubuntu22-c, mtd-zk-1, 0.120015
EXP-LEAD, 2023-07-18T15:06:21.190, ubuntu22-c, mtd-zk-1, START
EXP-LEAD, 2023-07-18T15:06:25.749, ubuntu22-c, mtd-zk-1, END
EXP-LOAD, 2023-07-18T15:06:26.798, ubuntu22-c, mtd-zk-1, 0.120015
EXP-LEAD, 2023-07-18T15:06:28.314, ubuntu22-c, mtd-zk-1, START
EXP-LEAD, 2023-07-18T15:06:36.970, ubuntu22-c, mtd-zk-1, END
EXP-LOAD, 2023-07-18T15:06:38.028, ubuntu22-c, mtd-zk-1, 0.190879
EXP-LOAD, 2023-07-18T15:06:45.569, ubuntu22-c, mtd-zk-1, 0.190879
EXP-LOAD, 2023-07-18T15:06:52.699, ubuntu22-c, mtd-zk-1, 0.241653
EXP-LOAD, 2023-07-18T15:07:00.807, ubuntu22-c, mtd-zk-1, 0.241653
EXP-LOAD, 2023-07-18T15:07:06.946, ubuntu22-c, mtd-zk-1, 0.161338
EXP-LOAD, 2023-07-18T15:07:17.115, ubuntu22-c, mtd-zk-1, 0.161338
EXP-LOAD, 2023-07-18T15:07:23.228, ubuntu22-c, mtd-zk-1, 0.165044
EXP-LOAD, 2023-07-18T15:07:30.888, ubuntu22-c, mtd-zk-1, 0.165044
EXP-LOAD, 2023-07-18T15:07:39.414, ubuntu22-c, mtd-zk-1, 0.204736
EXP-LOAD, 2023-07-18T15:07:45.558, ubuntu22-c, mtd-zk-1, 0.204736
EXP-LOAD, 2023-07-18T15:07:57.121, ubuntu22-c, mtd-zk-1, 0.238861
EXP-LOAD, 2023-07-18T15:08:06.250, ubuntu22-c, mtd-zk-1, 0.183344
EXP-LOAD, 2023-07-18T15:08:13.380, ubuntu22-c, mtd-zk-1, 0.183344
EXP-LEAD, 2023-07-18T15:08:14.318, ubuntu22-c, mtd-zk-1, START
EXP-LEAD, 2023-07-18T15:08:22.907, ubuntu22-c, mtd-zk-1, END
EXP-LOAD, 2023-07-18T15:08:23.969, ubuntu22-c, mtd-zk-1, 0.113827
EXP-LEAD, 2023-07-18T15:08:25.010, ubuntu22-c, mtd-zk-1, START
EXP-LEAD, 2023-07-18T15:08:30.619, ubuntu22-c, mtd-zk-1, END
EXP-LOAD, 2023-07-18T15:08:31.673, ubuntu22-c, mtd-zk-1, 0.113827
EXP-LEAD, 2023-07-18T15:08:33.091, ubuntu22-c, mtd-zk-1, START
EXP-LEAD, 2023-07-18T15:08:37.762, ubuntu22-c, mtd-zk-1, END
EXP-LOAD, 2023-07-18T15:08:38.816, ubuntu22-c, mtd-zk-1, 0.213839
EXP-LOAD, 2023-07-18T15:08:49.265, ubuntu22-c, mtd-zk-1, 0.284253
EXP-LEAD, 2023-07-18T15:08:50.324, ubuntu22-c, mtd-zk-1, START
EXP-LEAD, 2023-07-18T15:08:54.831, ubuntu22-c, mtd-zk-1, END
EXP-LOAD, 2023-07-18T15:08:55.914, ubuntu22-c, mtd-zk-1, 0.284253
EXP-LOAD, 2023-07-18T15:09:05.485, ubuntu22-c, mtd-zk-1, 0.118732
EXP-LEAD, 2023-07-18T15:09:06.523, ubuntu22-c, mtd-zk-1, START
EXP-LEAD, 2023-07-18T15:09:11.113, ubuntu22-c, mtd-zk-1, END
EXP-LOAD, 2023-07-18T15:09:12.170, ubuntu22-c, mtd-zk-1, 0.118732
EXP-LOAD, 2023-07-18T15:09:19.697, ubuntu22-c, mtd-zk-1, 0.171008
EXP-LEAD, 2023-07-18T15:09:22.196, ubuntu22-c, mtd-zk-1, START
EXP-LEAD, 2023-07-18T15:09:29.734, ubuntu22-c, mtd-zk-1, END
EXP-LOAD, 2023-07-18T15:09:30.809, ubuntu22-c, mtd-zk-1, 0.171008
EXP-LEAD, 2023-07-18T15:09:32.409, ubuntu22-c, mtd-zk-1, START
EXP-LEAD, 2023-07-18T15:09:37.951, ubuntu22-c, mtd-zk-1, END
EXP-LOAD, 2023-07-18T15:09:39.015, ubuntu22-c, mtd-zk-1, 0.209335
EXP-LOAD, 2023-07-18T15:09:50.514, ubuntu22-c, mtd-zk-1, 0.160236
EXP-LOAD, 2023-07-18T15:09:58.624, ubuntu22-c, mtd-zk-1, 0.160236
EXP-LEAD, 2023-07-18T15:09:59.666, ubuntu22-c, mtd-zk-1, START
EXP-LEAD, 2023-07-18T15:10:07.267, ubuntu22-c, mtd-zk-1, END
EXP-LOAD, 2023-07-18T15:10:08.351, ubuntu22-c, mtd-zk-1, 0.142983
EXP-LOAD, 2023-07-18T15:10:16.884, ubuntu22-c, mtd-zk-1, 0.142983
EXP-LEAD, 2023-07-18T15:10:18.972, ubuntu22-c, mtd-zk-1, START
EXP-LEAD, 2023-07-18T15:10:23.476, ubuntu22-c, mtd-zk-1, END
EXP-LOAD, 2023-07-18T15:10:24.577, ubuntu22-c, mtd-zk-1, 0.218857
EXP-LEAD, 2023-07-18T15:10:26.093, ubuntu22-c, mtd-zk-1, START
EXP-LEAD, 2023-07-18T15:10:34.608, ubuntu22-c, mtd-zk-1, END
EXP-LOAD, 2023-07-18T15:10:35.662, ubuntu22-c, mtd-zk-1, 0.202625
EXP-LEAD, 2023-07-18T15:10:37.227, ubuntu22-c, mtd-zk-1, START
EXP-LEAD, 2023-07-18T15:10:41.687, ubuntu22-c, mtd-zk-1, END
EXP-LOAD, 2023-07-18T15:10:42.751, ubuntu22-c, mtd-zk-1, 0.202625
EXP-LOAD, 2023-07-18T15:10:50.534, ubuntu22-c, mtd-zk-1, 0.288258
EXP-LOAD, 2023-07-18T15:11:00.654, ubuntu22-c, mtd-zk-1, 0.288258
EXP-LOAD, 2023-07-18T15:11:09.781, ubuntu22-c, mtd-zk-1, 0.179118
EXP-LEAD, 2023-07-18T15:11:10.820, ubuntu22-c, mtd-zk-1, START
EXP-LEAD, 2023-07-18T15:11:16.480, ubuntu22-c, mtd-zk-1, END
EXP-LOAD, 2023-07-18T15:11:17.547, ubuntu22-c, mtd-zk-1, 0.179118
EXP-LOAD, 2023-07-18T15:11:28.070, ubuntu22-c, mtd-zk-1, 0.170638
EXP-LOAD, 2023-07-18T15:11:34.214, ubuntu22-c, mtd-zk-1, 0.152325
EXP-LEAD, 2023-07-18T15:11:35.261, ubuntu22-c, mtd-zk-1, START
EXP-LEAD, 2023-07-18T15:11:42.787, ubuntu22-c, mtd-zk-1, END
EXP-LOAD, 2023-07-18T15:11:43.856, ubuntu22-c, mtd-zk-1, 0.152325
EXP-LEAD, 2023-07-18T15:11:45.356, ubuntu22-c, mtd-zk-1, START
EXP-LEAD, 2023-07-18T15:11:49.826, ubuntu22-c, mtd-zk-1, END
EXP-LOAD, 2023-07-18T15:11:50.874, ubuntu22-c, mtd-zk-1, 0.209434
EXP-LEAD, 2023-07-18T15:11:51.928, ubuntu22-c, mtd-zk-1, START
EXP-LEAD, 2023-07-18T15:11:58.515, ubuntu22-c, mtd-zk-1, END
EXP-LOAD, 2023-07-18T15:11:59.611, ubuntu22-c, mtd-zk-1, 0.209434
EXP-LEAD, 2023-07-18T15:12:01.008, ubuntu22-c, mtd-zk-1, START
EXP-LEAD, 2023-07-18T15:12:06.430, ubuntu22-c, mtd-zk-1, END
EXP-LOAD, 2023-07-18T15:12:07.472, ubuntu22-c, mtd-zk-1, 0.151234
EXP-LEAD, 2023-07-18T15:12:09.131, ubuntu22-c, mtd-zk-1, START
EXP-LEAD, 2023-07-18T15:12:14.692, ubuntu22-c, mtd-zk-1, END
EXP-LOAD, 2023-07-18T15:12:15.763, ubuntu22-c, mtd-zk-1, 0.151234
EXP-LOAD, 2023-07-18T15:12:24.359, ubuntu22-c, mtd-zk-1, 0.244056
EXP-LOAD, 2023-07-18T15:12:32.882, ubuntu22-c, mtd-zk-1, 0.244056
EXP-LEAD, 2023-07-18T15:12:33.906, ubuntu22-c, mtd-zk-1, START
EXP-LEAD, 2023-07-18T15:12:41.625, ubuntu22-c, mtd-zk-1, END
EXP-LOAD, 2023-07-18T15:12:42.677, ubuntu22-c, mtd-zk-1, 0.142963
EXP-LEAD, 2023-07-18T15:12:43.057, ubuntu22-c, mtd-zk-1, START
EXP-LEAD, 2023-07-18T15:12:48.536, ubuntu22-c, mtd-zk-1, END
EXP-LOAD, 2023-07-18T15:12:49.581, ubuntu22-c, mtd-zk-1, 0.188616
EXP-LOAD, 2023-07-18T15:12:58.252, ubuntu22-c, mtd-zk-1, 0.188616
EXP-LOAD, 2023-07-18T15:13:06.464, ubuntu22-c, mtd-zk-1, 0.151837
EXP-LEAD, 2023-07-18T15:13:07.500, ubuntu22-c, mtd-zk-1, START
EXP-LEAD, 2023-07-18T15:13:13.048, ubuntu22-c, mtd-zk-1, END
EXP-LOAD, 2023-07-18T15:13:14.102, ubuntu22-c, mtd-zk-1, 0.151837
EXP-LOAD, 2023-07-18T15:13:21.821, ubuntu22-c, mtd-zk-1, 0.235034
EXP-LEAD, 2023-07-18T15:13:22.371, ubuntu22-c, mtd-zk-1, START
EXP-LEAD, 2023-07-18T15:13:31.004, ubuntu22-c, mtd-zk-1, END
EXP-LOAD, 2023-07-18T15:13:32.047, ubuntu22-c, mtd-zk-1, 0.235034
EXP-LEAD, 2023-07-18T15:13:32.488, ubuntu22-c, mtd-zk-1, START
EXP-LEAD, 2023-07-18T15:13:38.097, ubuntu22-c, mtd-zk-1, END
EXP-LOAD, 2023-07-18T15:13:39.166, ubuntu22-c, mtd-zk-1, 0.224425
EXP-LOAD, 2023-07-18T15:13:46.675, ubuntu22-c, mtd-zk-1, 0.224425
EXP-LOAD, 2023-07-18T15:13:54.259, ubuntu22-c, mtd-zk-1, 0.181145
EXP-LEAD, 2023-07-18T15:13:56.298, ubuntu22-c, mtd-zk-1, START
EXP-LEAD, 2023-07-18T15:14:00.865, ubuntu22-c, mtd-zk-1, END
EXP-LOAD, 2023-07-18T15:14:01.937, ubuntu22-c, mtd-zk-1, 0.181145
EXP-LEAD, 2023-07-18T15:14:03.412, ubuntu22-c, mtd-zk-1, START
EXP-LEAD, 2023-07-18T15:14:08.953, ubuntu22-c, mtd-zk-1, END
EXP-LOAD, 2023-07-18T15:14:10.016, ubuntu22-c, mtd-zk-1, 0.164565
EXP-LEAD, 2023-07-18T15:14:12.541, ubuntu22-c, mtd-zk-1, START
EXP-LEAD, 2023-07-18T15:14:20.058, ubuntu22-c, mtd-zk-1, END
EXP-LOAD, 2023-07-18T15:14:21.153, ubuntu22-c, mtd-zk-1, 0.223625
EXP-LOAD, 2023-07-18T15:14:26.813, ubuntu22-c, mtd-zk-1, 0.223625
EXP-LEAD, 2023-07-18T15:14:29.451, ubuntu22-c, mtd-zk-1, START
EXP-LEAD, 2023-07-18T15:14:37.073, ubuntu22-c, mtd-zk-1, END
EXP-LOAD, 2023-07-18T15:14:38.129, ubuntu22-c, mtd-zk-1, 0.132845
EXP-LEAD, 2023-07-18T15:14:39.174, ubuntu22-c, mtd-zk-1, START
EXP-LEAD, 2023-07-18T15:14:43.774, ubuntu22-c, mtd-zk-1, END
EXP-LOAD, 2023-07-18T15:14:44.828, ubuntu22-c, mtd-zk-1, 0.132845
EXP-LOAD, 2023-07-18T15:14:55.404, ubuntu22-c, mtd-zk-1, 0.188423
EXP-LOAD, 2023-07-18T15:15:03.522, ubuntu22-c, mtd-zk-1, 0.188423
EXP-LOAD, 2023-07-18T15:15:14.632, ubuntu22-c, mtd-zk-1, 0.133647
EXP-LEAD, 2023-07-18T15:15:14.662, ubuntu22-c, mtd-zk-1, START
EXP-LEAD, 2023-07-18T15:15:19.178, ubuntu22-c, mtd-zk-1, END
EXP-LOAD, 2023-07-18T15:15:20.228, ubuntu22-c, mtd-zk-1, 0.105430
EXP-LEAD, 2023-07-18T15:15:21.979, ubuntu22-c, mtd-zk-1, START
EXP-LEAD, 2023-07-18T15:15:30.521, ubuntu22-c, mtd-zk-1, END
EXP-LOAD, 2023-07-18T15:15:31.598, ubuntu22-c, mtd-zk-1, 0.105430
EXP-LEAD, 2023-07-18T15:15:33.080, ubuntu22-c, mtd-zk-1, START
EXP-LEAD, 2023-07-18T15:15:38.465, ubuntu22-c, mtd-zk-1, END
EXP-LOAD, 2023-07-18T15:15:39.501, ubuntu22-c, mtd-zk-1, 0.227508
EXP-LOAD, 2023-07-18T15:15:47.222, ubuntu22-c, mtd-zk-1, 0.227508
EXP-LOAD, 2023-07-18T15:15:56.353, ubuntu22-c, mtd-zk-1, 0.215925
EXP-LOAD, 2023-07-18T15:16:06.534, ubuntu22-c, mtd-zk-1, 0.148216
EXP-LEAD, 2023-07-18T15:16:09.539, ubuntu22-c, mtd-zk-1, START
EXP-LEAD, 2023-07-18T15:16:15.005, ubuntu22-c, mtd-zk-1, END
EXP-LOAD, 2023-07-18T15:16:16.092, ubuntu22-c, mtd-zk-1, 0.148216
EXP-LEAD, 2023-07-18T15:16:17.642, ubuntu22-c, mtd-zk-1, START
EXP-LEAD, 2023-07-18T15:16:22.080, ubuntu22-c, mtd-zk-1, END
EXP-LOAD, 2023-07-18T15:16:23.128, ubuntu22-c, mtd-zk-1, 0.208253
EXP-LOAD, 2023-07-18T15:16:30.215, ubuntu22-c, mtd-zk-1, 0.208253
EXP-LOAD, 2023-07-18T15:16:40.327, ubuntu22-c, mtd-zk-1, 0.211835
EXP-LEAD, 2023-07-18T15:16:41.833, ubuntu22-c, mtd-zk-1, START
EXP-LEAD, 2023-07-18T15:16:47.241, ubuntu22-c, mtd-zk-1, END
EXP-LOAD, 2023-07-18T15:16:48.302, ubuntu22-c, mtd-zk-1, 0.211835
EXP-LEAD, 2023-07-18T15:16:50.143, ubuntu22-c, mtd-zk-1, START
EXP-LEAD, 2023-07-18T15:16:55.663, ubuntu22-c, mtd-zk-1, END
EXP-LOAD, 2023-07-18T15:16:56.932, ubuntu22-c, mtd-zk-1, 0.222149
EXP-LEAD, 2023-07-18T15:16:58.237, ubuntu22-c, mtd-zk-1, START
EXP-LEAD, 2023-07-18T15:17:02.747, ubuntu22-c, mtd-zk-1, END
EXP-LOAD, 2023-07-18T15:17:03.789, ubuntu22-c, mtd-zk-1, 0.222149
EXP-LEAD, 2023-07-18T15:17:05.365, ubuntu22-c, mtd-zk-1, START
EXP-LEAD, 2023-07-18T15:17:10.820, ubuntu22-c, mtd-zk-1, END
EXP-LOAD, 2023-07-18T15:17:11.897, ubuntu22-c, mtd-zk-1, 0.160026
EXP-LOAD, 2023-07-18T15:17:19.573, ubuntu22-c, mtd-zk-1, 0.238618
EXP-LEAD, 2023-07-18T15:17:21.599, ubuntu22-c, mtd-zk-1, START
EXP-LEAD, 2023-07-18T15:17:26.499, ubuntu22-c, mtd-zk-1, END
EXP-LOAD, 2023-07-18T15:17:27.703, ubuntu22-c, mtd-zk-1, 0.238618
EXP-LEAD, 2023-07-18T15:17:29.734, ubuntu22-c, mtd-zk-1, START
EXP-LEAD, 2023-07-18T15:17:35.231, ubuntu22-c, mtd-zk-1, END
EXP-LOAD, 2023-07-18T15:17:36.287, ubuntu22-c, mtd-zk-1, 0.241621
EXP-LOAD, 2023-07-18T15:17:45.940, ubuntu22-c, mtd-zk-1, 0.241621
EXP-LOAD, 2023-07-18T15:17:55.168, ubuntu22-c, mtd-zk-1, 0.195863
EXP-LOAD, 2023-07-18T15:18:05.286, ubuntu22-c, mtd-zk-1, 0.268053
EXP-LEAD, 2023-07-18T15:18:05.317, ubuntu22-c, mtd-zk-1, START
EXP-LEAD, 2023-07-18T15:18:10.908, ubuntu22-c, mtd-zk-1, END
EXP-LOAD, 2023-07-18T15:18:11.940, ubuntu22-c, mtd-zk-1, 0.268053
EXP-LEAD, 2023-07-18T15:18:14.399, ubuntu22-c, mtd-zk-1, START
EXP-LEAD, 2023-07-18T15:18:18.904, ubuntu22-c, mtd-zk-1, END
EXP-LOAD, 2023-07-18T15:18:19.997, ubuntu22-c, mtd-zk-1, 0.143512
EXP-LEAD, 2023-07-18T15:18:20.505, ubuntu22-c, mtd-zk-1, START
EXP-LEAD, 2023-07-18T15:18:28.043, ubuntu22-c, mtd-zk-1, END
EXP-LOAD, 2023-07-18T15:18:29.101, ubuntu22-c, mtd-zk-1, 0.143512
EXP-LOAD, 2023-07-18T15:18:37.675, ubuntu22-c, mtd-zk-1, 0.205055
EXP-LOAD, 2023-07-18T15:18:45.778, ubuntu22-c, mtd-zk-1, 0.205055
EXP-LEAD, 2023-07-18T15:18:47.282, ubuntu22-c, mtd-zk-1, START
EXP-LEAD, 2023-07-18T15:18:51.773, ubuntu22-c, mtd-zk-1, END
EXP-LOAD, 2023-07-18T15:18:52.823, ubuntu22-c, mtd-zk-1, 0.129919
EXP-LEAD, 2023-07-18T15:18:55.433, ubuntu22-c, mtd-zk-1, START
EXP-LEAD, 2023-07-18T15:19:02.061, ubuntu22-c, mtd-zk-1, END
EXP-LOAD, 2023-07-18T15:19:03.111, ubuntu22-c, mtd-zk-1, 0.129919
EXP-LOAD, 2023-07-18T15:19:11.625, ubuntu22-c, mtd-zk-1, 0.215411
EXP-LEAD, 2023-07-18T15:19:13.665, ubuntu22-c, mtd-zk-1, START
EXP-LEAD, 2023-07-18T15:19:19.295, ubuntu22-c, mtd-zk-1, END
EXP-LOAD, 2023-07-18T15:19:20.382, ubuntu22-c, mtd-zk-1, 0.143323
EXP-LEAD, 2023-07-18T15:19:22.799, ubuntu22-c, mtd-zk-1, START
EXP-LEAD, 2023-07-18T15:19:30.300, ubuntu22-c, mtd-zk-1, END
EXP-LOAD, 2023-07-18T15:19:31.363, ubuntu22-c, mtd-zk-1, 0.143323
EXP-LOAD, 2023-07-18T15:19:38.031, ubuntu22-c, mtd-zk-1, 0.217850
EXP-LOAD, 2023-07-18T15:19:46.214, ubuntu22-c, mtd-zk-1, 0.217850
EXP-LEAD, 2023-07-18T15:19:49.749, ubuntu22-c, mtd-zk-1, START
EXP-LEAD, 2023-07-18T15:19:57.390, ubuntu22-c, mtd-zk-1, END
EXP-LOAD, 2023-07-18T15:19:58.450, ubuntu22-c, mtd-zk-1, 0.223872
EXP-LEAD, 2023-07-18T15:19:59.891, ubuntu22-c, mtd-zk-1, START
EXP-LEAD, 2023-07-18T15:20:04.509, ubuntu22-c, mtd-zk-1, END
EXP-LOAD, 2023-07-18T15:20:05.551, ubuntu22-c, mtd-zk-1, 0.206869
EXP-LEAD, 2023-07-18T15:20:06.971, ubuntu22-c, mtd-zk-1, START
EXP-LEAD, 2023-07-18T15:20:15.806, ubuntu22-c, mtd-zk-1, END
EXP-LOAD, 2023-07-18T15:20:16.873, ubuntu22-c, mtd-zk-1, 0.206869
EXP-LOAD, 2023-07-18T15:20:25.191, ubuntu22-c, mtd-zk-1, 0.163417
EXP-LEAD, 2023-07-18T15:20:26.231, ubuntu22-c, mtd-zk-1, START
EXP-LEAD, 2023-07-18T15:20:30.653, ubuntu22-c, mtd-zk-1, END
EXP-LOAD, 2023-07-18T15:20:31.703, ubuntu22-c, mtd-zk-1, 0.163417
EXP-LOAD, 2023-07-18T15:20:42.417, ubuntu22-c, mtd-zk-1, 0.158641
EXP-LEAD, 2023-07-18T15:20:44.451, ubuntu22-c, mtd-zk-1, START
EXP-LEAD, 2023-07-18T15:20:49.971, ubuntu22-c, mtd-zk-1, END
EXP-LOAD, 2023-07-18T15:20:51.023, ubuntu22-c, mtd-zk-1, 0.193936
EXP-LOAD, 2023-07-18T15:20:58.652, ubuntu22-c, mtd-zk-1, 0.193936
EXP-LOAD, 2023-07-18T15:21:09.266, ubuntu22-c, mtd-zk-1, 0.266617
EXP-LOAD, 2023-07-18T15:21:16.331, ubuntu22-c, mtd-zk-1, 0.266617
EXP-LEAD, 2023-07-18T15:21:18.373, ubuntu22-c, mtd-zk-1, START
EXP-LEAD, 2023-07-18T15:21:23.848, ubuntu22-c, mtd-zk-1, END
EXP-LOAD, 2023-07-18T15:21:24.926, ubuntu22-c, mtd-zk-1, 0.190639
EXP-LEAD, 2023-07-18T15:21:25.992, ubuntu22-c, mtd-zk-1, START
EXP-LEAD, 2023-07-18T15:21:31.601, ubuntu22-c, mtd-zk-1, END
EXP-LOAD, 2023-07-18T15:21:32.656, ubuntu22-c, mtd-zk-1, 0.190639
EXP-LOAD, 2023-07-18T15:21:39.125, ubuntu22-c, mtd-zk-1, 0.213415
EXP-LEAD, 2023-07-18T15:21:41.152, ubuntu22-c, mtd-zk-1, START
EXP-LEAD, 2023-07-18T15:21:46.749, ubuntu22-c, mtd-zk-1, END
EXP-LOAD, 2023-07-18T15:21:47.804, ubuntu22-c, mtd-zk-1, 0.213415
EXP-LOAD, 2023-07-18T15:21:58.319, ubuntu22-c, mtd-zk-1, 0.235730
EXP-LOAD, 2023-07-18T15:22:06.395, ubuntu22-c, mtd-zk-1, 0.176009
EXP-LOAD, 2023-07-18T15:22:14.541, ubuntu22-c, mtd-zk-1, 0.176009
EXP-LOAD, 2023-07-18T15:22:20.651, ubuntu22-c, mtd-zk-1, 0.209621
EXP-LEAD, 2023-07-18T15:22:22.663, ubuntu22-c, mtd-zk-1, START
EXP-LEAD, 2023-07-18T15:22:27.092, ubuntu22-c, mtd-zk-1, END
EXP-LOAD, 2023-07-18T15:22:28.171, ubuntu22-c, mtd-zk-1, 0.209621
EXP-LEAD, 2023-07-18T15:22:29.213, ubuntu22-c, mtd-zk-1, START
EXP-LEAD, 2023-07-18T15:22:36.760, ubuntu22-c, mtd-zk-1, END
EXP-LOAD, 2023-07-18T15:22:37.821, ubuntu22-c, mtd-zk-1, 0.260253
EXP-LEAD, 2023-07-18T15:22:39.319, ubuntu22-c, mtd-zk-1, START
EXP-LEAD, 2023-07-18T15:22:44.759, ubuntu22-c, mtd-zk-1, END
EXP-LOAD, 2023-07-18T15:22:45.821, ubuntu22-c, mtd-zk-1, 0.260253
EXP-LEAD, 2023-07-18T15:22:47.418, ubuntu22-c, mtd-zk-1, START
EXP-LEAD, 2023-07-18T15:22:54.903, ubuntu22-c, mtd-zk-1, END
EXP-LOAD, 2023-07-18T15:22:55.957, ubuntu22-c, mtd-zk-1, 0.217929
EXP-LEAD, 2023-07-18T15:22:57.637, ubuntu22-c, mtd-zk-1, START
EXP-LEAD, 2023-07-18T15:23:02.056, ubuntu22-c, mtd-zk-1, END
EXP-LOAD, 2023-07-18T15:23:03.154, ubuntu22-c, mtd-zk-1, 0.217929
EXP-LEAD, 2023-07-18T15:23:04.176, ubuntu22-c, mtd-zk-1, START
EXP-LEAD, 2023-07-18T15:23:08.630, ubuntu22-c, mtd-zk-1, END
EXP-LOAD, 2023-07-18T15:23:09.673, ubuntu22-c, mtd-zk-1, 0.247626
EXP-LOAD, 2023-07-18T15:23:16.384, ubuntu22-c, mtd-zk-1, 0.247626
EXP-LOAD, 2023-07-18T15:23:27.500, ubuntu22-c, mtd-zk-1, 0.185454
EXP-LOAD, 2023-07-18T15:23:33.580, ubuntu22-c, mtd-zk-1, 0.185454
EXP-LOAD, 2023-07-18T15:23:44.679, ubuntu22-c, mtd-zk-1, 0.126419
EXP-LEAD, 2023-07-18T15:23:46.717, ubuntu22-c, mtd-zk-1, START
EXP-LEAD, 2023-07-18T15:23:52.292, ubuntu22-c, mtd-zk-1, END
EXP-LOAD, 2023-07-18T15:23:53.340, ubuntu22-c, mtd-zk-1, 0.105814
EXP-LOAD, 2023-07-18T15:24:00.912, ubuntu22-c, mtd-zk-1, 0.105814
EXP-LEAD, 2023-07-18T15:24:03.389, ubuntu22-c, mtd-zk-1, START
EXP-LEAD, 2023-07-18T15:24:07.814, ubuntu22-c, mtd-zk-1, END
EXP-LOAD, 2023-07-18T15:24:08.913, ubuntu22-c, mtd-zk-1, 0.236614
EXP-LOAD, 2023-07-18T15:24:16.590, ubuntu22-c, mtd-zk-1, 0.236614
EXP-LOAD, 2023-07-18T15:24:23.752, ubuntu22-c, mtd-zk-1, 0.201793
EXP-LEAD, 2023-07-18T15:24:24.712, ubuntu22-c, mtd-zk-1, START
EXP-LEAD, 2023-07-18T15:24:33.263, ubuntu22-c, mtd-zk-1, END
EXP-LOAD, 2023-07-18T15:24:34.325, ubuntu22-c, mtd-zk-1, 0.234256
EXP-LOAD, 2023-07-18T15:24:41.926, ubuntu22-c, mtd-zk-1, 0.234256
EXP-LEAD, 2023-07-18T15:24:42.962, ubuntu22-c, mtd-zk-1, START
EXP-LEAD, 2023-07-18T15:24:48.497, ubuntu22-c, mtd-zk-1, END
EXP-LOAD, 2023-07-18T15:24:49.538, ubuntu22-c, mtd-zk-1, 0.186922
EXP-LOAD, 2023-07-18T15:25:00.138, ubuntu22-c, mtd-zk-1, 0.186922
EXP-LOAD, 2023-07-18T15:25:08.254, ubuntu22-c, mtd-zk-1, 0.165838
EXP-LOAD, 2023-07-18T15:25:19.813, ubuntu22-c, mtd-zk-1, 0.179702
EXP-LOAD, 2023-07-18T15:25:27.918, ubuntu22-c, mtd-zk-1, 0.179702
EXP-LEAD, 2023-07-18T15:25:29.952, ubuntu22-c, mtd-zk-1, START
EXP-LEAD, 2023-07-18T15:25:37.545, ubuntu22-c, mtd-zk-1, END
EXP-LOAD, 2023-07-18T15:25:38.610, ubuntu22-c, mtd-zk-1, 0.204442
EXP-LOAD, 2023-07-18T15:25:45.156, ubuntu22-c, mtd-zk-1, 0.204442
EXP-LOAD, 2023-07-18T15:25:53.283, ubuntu22-c, mtd-zk-1, 0.209941
EXP-LEAD, 2023-07-18T15:25:55.308, ubuntu22-c, mtd-zk-1, START
EXP-LEAD, 2023-07-18T15:26:01.810, ubuntu22-c, mtd-zk-1, END
EXP-LOAD, 2023-07-18T15:26:02.849, ubuntu22-c, mtd-zk-1, 0.209941
EXP-LOAD, 2023-07-18T15:26:12.535, ubuntu22-c, mtd-zk-1, 0.217020
EXP-LOAD, 2023-07-18T15:26:18.614, ubuntu22-c, mtd-zk-1, 0.217020
EXP-LOAD, 2023-07-18T15:26:26.743, ubuntu22-c, mtd-zk-1, 0.142348
EXP-LOAD, 2023-07-18T15:26:37.401, ubuntu22-c, mtd-zk-1, 0.279259
EXP-LOAD, 2023-07-18T15:26:42.486, ubuntu22-c, mtd-zk-1, 0.279259
EXP-LOAD, 2023-07-18T15:26:53.639, ubuntu22-c, mtd-zk-1, 0.148735
EXP-LOAD, 2023-07-18T15:27:01.753, ubuntu22-c, mtd-zk-1, 0.148735
EXP-LEAD, 2023-07-18T15:27:02.790, ubuntu22-c, mtd-zk-1, START
EXP-LEAD, 2023-07-18T15:27:09.470, ubuntu22-c, mtd-zk-1, END
EXP-LOAD, 2023-07-18T15:27:10.549, ubuntu22-c, mtd-zk-1, 0.211670
EXP-LOAD, 2023-07-18T15:27:16.940, ubuntu22-c, mtd-zk-1, 0.211670
EXP-LEAD, 2023-07-18T15:27:19.400, ubuntu22-c, mtd-zk-1, START
EXP-LEAD, 2023-07-18T15:27:26.888, ubuntu22-c, mtd-zk-1, END
EXP-LOAD, 2023-07-18T15:27:27.936, ubuntu22-c, mtd-zk-1, 0.144333
EXP-LOAD, 2023-07-18T15:27:35.580, ubuntu22-c, mtd-zk-1, 0.094431
EXP-LOAD, 2023-07-18T15:27:45.717, ubuntu22-c, mtd-zk-1, 0.094431
EXP-LOAD, 2023-07-18T15:27:54.836, ubuntu22-c, mtd-zk-1, 0.183367
EXP-LEAD, 2023-07-18T15:27:55.871, ubuntu22-c, mtd-zk-1, START
EXP-LEAD, 2023-07-18T15:28:01.324, ubuntu22-c, mtd-zk-1, END
EXP-LOAD, 2023-07-18T15:28:02.366, ubuntu22-c, mtd-zk-1, 0.183367
EXP-LEAD, 2023-07-18T15:28:03.963, ubuntu22-c, mtd-zk-1, START
EXP-LEAD, 2023-07-18T15:28:08.495, ubuntu22-c, mtd-zk-1, END
EXP-LOAD, 2023-07-18T15:28:09.539, ubuntu22-c, mtd-zk-1, 0.146462
EXP-LEAD, 2023-07-18T15:28:11.078, ubuntu22-c, mtd-zk-1, START
EXP-LEAD, 2023-07-18T15:28:16.554, ubuntu22-c, mtd-zk-1, END
EXP-LOAD, 2023-07-18T15:28:17.622, ubuntu22-c, mtd-zk-1, 0.146462
EXP-LOAD, 2023-07-18T15:28:25.288, ubuntu22-c, mtd-zk-1, 0.229086
EXP-LOAD, 2023-07-18T15:28:33.040, ubuntu22-c, mtd-zk-1, 0.229086
EXP-LOAD, 2023-07-18T15:28:40.063, ubuntu22-c, mtd-zk-1, 0.188845
EXP-LOAD, 2023-07-18T15:28:50.573, ubuntu22-c, mtd-zk-1, 0.181626
EXP-LEAD, 2023-07-18T15:28:51.609, ubuntu22-c, mtd-zk-1, START
EXP-LEAD, 2023-07-18T15:28:58.114, ubuntu22-c, mtd-zk-1, END
EXP-LOAD, 2023-07-18T15:28:59.194, ubuntu22-c, mtd-zk-1, 0.181626
EXP-LEAD, 2023-07-18T15:29:00.240, ubuntu22-c, mtd-zk-1, START
EXP-LEAD, 2023-07-18T15:29:07.808, ubuntu22-c, mtd-zk-1, END
EXP-LOAD, 2023-07-18T15:29:08.882, ubuntu22-c, mtd-zk-1, 0.106645
EXP-LOAD, 2023-07-18T15:29:15.405, ubuntu22-c, mtd-zk-1, 0.106645
EXP-LOAD, 2023-07-18T15:29:24.967, ubuntu22-c, mtd-zk-1, 0.157814
EXP-LOAD, 2023-07-18T15:29:33.059, ubuntu22-c, mtd-zk-1, 0.157814
EXP-LEAD, 2023-07-18T15:29:34.086, ubuntu22-c, mtd-zk-1, START
EXP-LEAD, 2023-07-18T15:29:38.519, ubuntu22-c, mtd-zk-1, END
EXP-LOAD, 2023-07-18T15:29:39.563, ubuntu22-c, mtd-zk-1, 0.165047
EXP-LEAD, 2023-07-18T15:29:41.180, ubuntu22-c, mtd-zk-1, START
EXP-LEAD, 2023-07-18T15:29:48.787, ubuntu22-c, mtd-zk-1, END
EXP-LOAD, 2023-07-18T15:29:49.829, ubuntu22-c, mtd-zk-1, 0.197141
EXP-LOAD, 2023-07-18T15:29:57.334, ubuntu22-c, mtd-zk-1, 0.197141
EXP-LEAD, 2023-07-18T15:29:58.364, ubuntu22-c, mtd-zk-1, START
EXP-LEAD, 2023-07-18T15:30:04.164, ubuntu22-c, mtd-zk-1, END
EXP-LOAD, 2023-07-18T15:30:05.257, ubuntu22-c, mtd-zk-1, 0.191225
EXP-LOAD, 2023-07-18T15:30:12.539, ubuntu22-c, mtd-zk-1, 0.191225
EXP-LOAD, 2023-07-18T15:30:20.639, ubuntu22-c, mtd-zk-1, 0.215757
EXP-LEAD, 2023-07-18T15:30:22.304, ubuntu22-c, mtd-zk-1, START
EXP-LEAD, 2023-07-18T15:30:33.932, ubuntu22-c, mtd-zk-1, END
EXP-LOAD, 2023-07-18T15:30:35.002, ubuntu22-c, mtd-zk-1, 0.140870
EXP-LOAD, 2023-07-18T15:30:41.504, ubuntu22-c, mtd-zk-1, 0.140870
EXP-LOAD, 2023-07-18T15:30:49.593, ubuntu22-c, mtd-zk-1, 0.186870
EXP-LEAD, 2023-07-18T15:30:51.156, ubuntu22-c, mtd-zk-1, START
EXP-LEAD, 2023-07-18T15:30:56.638, ubuntu22-c, mtd-zk-1, END
EXP-LOAD, 2023-07-18T15:30:57.704, ubuntu22-c, mtd-zk-1, 0.186870
EXP-LEAD, 2023-07-18T15:30:59.268, ubuntu22-c, mtd-zk-1, START
EXP-LEAD, 2023-07-18T15:31:06.868, ubuntu22-c, mtd-zk-1, END
EXP-LOAD, 2023-07-18T15:31:07.925, ubuntu22-c, mtd-zk-1, 0.216626
EXP-LOAD, 2023-07-18T15:31:16.445, ubuntu22-c, mtd-zk-1, 0.216626
EXP-LOAD, 2023-07-18T15:31:24.972, ubuntu22-c, mtd-zk-1, 0.154621
EXP-LOAD, 2023-07-18T15:31:34.033, ubuntu22-c, mtd-zk-1, 0.237254
EXP-LOAD, 2023-07-18T15:31:41.149, ubuntu22-c, mtd-zk-1, 0.237254
EXP-LEAD, 2023-07-18T15:31:42.650, ubuntu22-c, mtd-zk-1, START
EXP-LEAD, 2023-07-18T15:31:50.184, ubuntu22-c, mtd-zk-1, END
EXP-LOAD, 2023-07-18T15:31:51.235, ubuntu22-c, mtd-zk-1, 0.188212
EXP-LEAD, 2023-07-18T15:31:51.743, ubuntu22-c, mtd-zk-1, START
EXP-LEAD, 2023-07-18T15:31:57.142, ubuntu22-c, mtd-zk-1, END
EXP-LOAD, 2023-07-18T15:31:58.172, ubuntu22-c, mtd-zk-1, 0.188212
EXP-LOAD, 2023-07-18T15:32:09.905, ubuntu22-c, mtd-zk-1, 0.143667
EXP-LEAD, 2023-07-18T15:32:10.941, ubuntu22-c, mtd-zk-1, START
EXP-LEAD, 2023-07-18T15:32:15.353, ubuntu22-c, mtd-zk-1, END
EXP-LOAD, 2023-07-18T15:32:16.418, ubuntu22-c, mtd-zk-1, 0.143667
EXP-LEAD, 2023-07-18T15:32:19.037, ubuntu22-c, mtd-zk-1, START
EXP-LEAD, 2023-07-18T15:32:23.444, ubuntu22-c, mtd-zk-1, END
EXP-LOAD, 2023-07-18T15:32:24.525, ubuntu22-c, mtd-zk-1, 0.112423
EXP-LOAD, 2023-07-18T15:32:31.638, ubuntu22-c, mtd-zk-1, 0.112423
EXP-LOAD, 2023-07-18T15:32:39.711, ubuntu22-c, mtd-zk-1, 0.214245
EXP-LOAD, 2023-07-18T15:32:50.794, ubuntu22-c, mtd-zk-1, 0.148624
EXP-LEAD, 2023-07-18T15:32:51.811, ubuntu22-c, mtd-zk-1, START
EXP-LEAD, 2023-07-18T15:32:57.282, ubuntu22-c, mtd-zk-1, END
EXP-LOAD, 2023-07-18T15:32:58.316, ubuntu22-c, mtd-zk-1, 0.148624
EXP-LEAD, 2023-07-18T15:33:00.925, ubuntu22-c, mtd-zk-1, START
EXP-LEAD, 2023-07-18T15:33:05.429, ubuntu22-c, mtd-zk-1, END
EXP-LOAD, 2023-07-18T15:33:06.720, ubuntu22-c, mtd-zk-1, 0.150529
EXP-LEAD, 2023-07-18T15:33:08.056, ubuntu22-c, mtd-zk-1, START
EXP-LEAD, 2023-07-18T15:33:16.651, ubuntu22-c, mtd-zk-1, END
EXP-LOAD, 2023-07-18T15:33:17.719, ubuntu22-c, mtd-zk-1, 0.150529
EXP-LEAD, 2023-07-18T15:33:18.236, ubuntu22-c, mtd-zk-1, START
EXP-LEAD, 2023-07-18T15:33:22.753, ubuntu22-c, mtd-zk-1, END
EXP-LOAD, 2023-07-18T15:33:23.791, ubuntu22-c, mtd-zk-1, 0.256638
EXP-LOAD, 2023-07-18T15:33:32.897, ubuntu22-c, mtd-zk-1, 0.256638
EXP-LEAD, 2023-07-18T15:33:33.926, ubuntu22-c, mtd-zk-1, START
EXP-LEAD, 2023-07-18T15:33:39.390, ubuntu22-c, mtd-zk-1, END
EXP-LOAD, 2023-07-18T15:33:40.434, ubuntu22-c, mtd-zk-1, 0.176451
EXP-LEAD, 2023-07-18T15:33:42.042, ubuntu22-c, mtd-zk-1, START
EXP-LEAD, 2023-07-18T15:33:50.639, ubuntu22-c, mtd-zk-1, END
EXP-LOAD, 2023-07-18T15:33:51.704, ubuntu22-c, mtd-zk-1, 0.262240
EXP-LOAD, 2023-07-18T15:33:58.238, ubuntu22-c, mtd-zk-1, 0.262240
EXP-LOAD, 2023-07-18T15:34:09.314, ubuntu22-c, mtd-zk-1, 0.211129
EXP-LOAD, 2023-07-18T15:34:15.272, ubuntu22-c, mtd-zk-1, 0.211129
EXP-LEAD, 2023-07-18T15:34:17.313, ubuntu22-c, mtd-zk-1, START
EXP-LEAD, 2023-07-18T15:34:24.867, ubuntu22-c, mtd-zk-1, END
EXP-LOAD, 2023-07-18T15:34:25.943, ubuntu22-c, mtd-zk-1, 0.187216
EXP-LOAD, 2023-07-18T15:34:33.502, ubuntu22-c, mtd-zk-1, 0.187216
EXP-LOAD, 2023-07-18T15:34:39.588, ubuntu22-c, mtd-zk-1, 0.248551
EXP-LOAD, 2023-07-18T15:34:46.718, ubuntu22-c, mtd-zk-1, 0.248551
EXP-LEAD, 2023-07-18T15:34:47.162, ubuntu22-c, mtd-zk-1, START
EXP-LEAD, 2023-07-18T15:34:52.669, ubuntu22-c, mtd-zk-1, END
EXP-LOAD, 2023-07-18T15:34:53.734, ubuntu22-c, mtd-zk-1, 0.180028
EXP-LEAD, 2023-07-18T15:34:54.260, ubuntu22-c, mtd-zk-1, START
EXP-LEAD, 2023-07-18T15:34:59.844, ubuntu22-c, mtd-zk-1, END
EXP-LOAD, 2023-07-18T15:35:00.892, ubuntu22-c, mtd-zk-1, 0.180028
EXP-LOAD, 2023-07-18T15:35:07.436, ubuntu22-c, mtd-zk-1, 0.268266
EXP-LOAD, 2023-07-18T15:35:19.262, ubuntu22-c, mtd-zk-1, 0.266219
EXP-LEAD, 2023-07-18T15:35:21.103, ubuntu22-c, mtd-zk-1, START
EXP-LEAD, 2023-07-18T15:35:25.503, ubuntu22-c, mtd-zk-1, END
EXP-LOAD, 2023-07-18T15:35:26.545, ubuntu22-c, mtd-zk-1, 0.266219
EXP-LEAD, 2023-07-18T15:35:28.172, ubuntu22-c, mtd-zk-1, START
EXP-LEAD, 2023-07-18T15:35:35.050, ubuntu22-c, mtd-zk-1, END
EXP-LOAD, 2023-07-18T15:35:36.104, ubuntu22-c, mtd-zk-1, 0.135525
EXP-LOAD, 2023-07-18T15:35:43.336, ubuntu22-c, mtd-zk-1, 0.135525
EXP-LOAD, 2023-07-18T15:35:50.430, ubuntu22-c, mtd-zk-1, 0.104411
EXP-LOAD, 2023-07-18T15:35:57.505, ubuntu22-c, mtd-zk-1, 0.104411
EXP-LOAD, 2023-07-18T15:36:04.572, ubuntu22-c, mtd-zk-1, 0.217713
EXP-LOAD, 2023-07-18T15:36:15.689, ubuntu22-c, mtd-zk-1, 0.217713
EXP-LOAD, 2023-07-18T15:36:24.751, ubuntu22-c, mtd-zk-1, 0.251264
EXP-LOAD, 2023-07-18T15:36:33.906, ubuntu22-c, mtd-zk-1, 0.251264
EXP-LOAD, 2023-07-18T15:36:41.995, ubuntu22-c, mtd-zk-1, 0.180523
EXP-LEAD, 2023-07-18T15:36:43.043, ubuntu22-c, mtd-zk-1, START
EXP-LEAD, 2023-07-18T15:36:48.546, ubuntu22-c, mtd-zk-1, END
EXP-LOAD, 2023-07-18T15:36:49.630, ubuntu22-c, mtd-zk-1, 0.141613
EXP-LEAD, 2023-07-18T15:36:50.139, ubuntu22-c, mtd-zk-1, START
EXP-LEAD, 2023-07-18T15:36:54.650, ubuntu22-c, mtd-zk-1, END
EXP-LOAD, 2023-07-18T15:36:55.701, ubuntu22-c, mtd-zk-1, 0.141613
EXP-LOAD, 2023-07-18T15:37:04.295, ubuntu22-c, mtd-zk-1, 0.206153
EXP-LOAD, 2023-07-18T15:37:11.866, ubuntu22-c, mtd-zk-1, 0.206153
EXP-LEAD, 2023-07-18T15:37:13.912, ubuntu22-c, mtd-zk-1, START
EXP-LEAD, 2023-07-18T15:37:19.450, ubuntu22-c, mtd-zk-1, END
EXP-LOAD, 2023-07-18T15:37:20.533, ubuntu22-c, mtd-zk-1, 0.145419
EXP-LOAD, 2023-07-18T15:37:30.057, ubuntu22-c, mtd-zk-1, 0.145419
EXP-LOAD, 2023-07-18T15:37:37.200, ubuntu22-c, mtd-zk-1, 0.222229
EXP-LOAD, 2023-07-18T15:37:46.771, ubuntu22-c, mtd-zk-1, 0.222229
EXP-LOAD, 2023-07-18T15:37:55.881, ubuntu22-c, mtd-zk-1, 0.222630
EXP-LOAD, 2023-07-18T15:38:03.968, ubuntu22-c, mtd-zk-1, 0.222630
EXP-LOAD, 2023-07-18T15:38:10.146, ubuntu22-c, mtd-zk-1, 0.158351
EXP-LOAD, 2023-07-18T15:38:21.248, ubuntu22-c, mtd-zk-1, 0.174216
EXP-LOAD, 2023-07-18T15:38:29.287, ubuntu22-c, mtd-zk-1, 0.174216
EXP-LOAD, 2023-07-18T15:38:40.396, ubuntu22-c, mtd-zk-1, 0.163560
EXP-LEAD, 2023-07-18T15:38:42.431, ubuntu22-c, mtd-zk-1, START
EXP-LEAD, 2023-07-18T15:38:47.126, ubuntu22-c, mtd-zk-1, END
EXP-LOAD, 2023-07-18T15:38:48.162, ubuntu22-c, mtd-zk-1, 0.163560
EXP-LOAD, 2023-07-18T15:38:57.613, ubuntu22-c, mtd-zk-1, 0.103420
EXP-LOAD, 2023-07-18T15:39:06.757, ubuntu22-c, mtd-zk-1, 0.144929
EXP-LEAD, 2023-07-18T15:39:09.321, ubuntu22-c, mtd-zk-1, START
EXP-LEAD, 2023-07-18T15:39:14.817, ubuntu22-c, mtd-zk-1, END
EXP-LOAD, 2023-07-18T15:39:15.873, ubuntu22-c, mtd-zk-1, 0.144929
EXP-LEAD, 2023-07-18T15:39:17.468, ubuntu22-c, mtd-zk-1, START
EXP-LEAD, 2023-07-18T15:39:24.110, ubuntu22-c, mtd-zk-1, END
EXP-LOAD, 2023-07-18T15:39:25.189, ubuntu22-c, mtd-zk-1, 0.212641
EXP-LEAD, 2023-07-18T15:39:26.624, ubuntu22-c, mtd-zk-1, START
EXP-LEAD, 2023-07-18T15:39:32.194, ubuntu22-c, mtd-zk-1, END
EXP-LOAD, 2023-07-18T15:39:33.251, ubuntu22-c, mtd-zk-1, 0.212641
EXP-LOAD, 2023-07-18T15:39:41.792, ubuntu22-c, mtd-zk-1, 0.219734
EXP-LEAD, 2023-07-18T15:39:42.829, ubuntu22-c, mtd-zk-1, START
EXP-LEAD, 2023-07-18T15:39:47.368, ubuntu22-c, mtd-zk-1, END
EXP-LOAD, 2023-07-18T15:39:48.416, ubuntu22-c, mtd-zk-1, 0.219734
EXP-LOAD, 2023-07-18T15:39:53.954, ubuntu22-c, mtd-zk-1, 0.111249
EXP-LOAD, 2023-07-18T15:40:01.047, ubuntu22-c, mtd-zk-1, 0.111249
EXP-LOAD, 2023-07-18T15:40:13.153, ubuntu22-c, mtd-zk-1, 0.285952
EXP-LOAD, 2023-07-18T15:40:22.037, ubuntu22-c, mtd-zk-1, 0.130055
EXP-LOAD, 2023-07-18T15:40:34.662, ubuntu22-c, mtd-zk-1, 0.216553
EXP-LEAD, 2023-07-18T15:40:35.683, ubuntu22-c, mtd-zk-1, START
EXP-LEAD, 2023-07-18T15:40:40.051, ubuntu22-c, mtd-zk-1, END
EXP-LOAD, 2023-07-18T15:40:41.100, ubuntu22-c, mtd-zk-1, 0.216553
EXP-LEAD, 2023-07-18T15:40:41.802, ubuntu22-c, mtd-zk-1, START
EXP-LEAD, 2023-07-18T15:40:47.229, ubuntu22-c, mtd-zk-1, END
EXP-LOAD, 2023-07-18T15:40:48.265, ubuntu22-c, mtd-zk-1, 0.216553
EXP-LEAD, 2023-07-18T15:40:50.895, ubuntu22-c, mtd-zk-1, START
EXP-LEAD, 2023-07-18T15:40:55.274, ubuntu22-c, mtd-zk-1, END
EXP-LOAD, 2023-07-18T15:40:56.331, ubuntu22-c, mtd-zk-1, 0.126823
EXP-LOAD, 2023-07-18T15:41:03.451, ubuntu22-c, mtd-zk-1, 0.126823
EXP-LOAD, 2023-07-18T15:41:09.565, ubuntu22-c, mtd-zk-1, 0.228118
EXP-LOAD, 2023-07-18T15:41:17.067, ubuntu22-c, mtd-zk-1, 0.228118
EXP-LEAD, 2023-07-18T15:41:19.102, ubuntu22-c, mtd-zk-1, START
EXP-LEAD, 2023-07-18T15:41:26.589, ubuntu22-c, mtd-zk-1, END
EXP-LOAD, 2023-07-18T15:41:27.648, ubuntu22-c, mtd-zk-1, 0.176431
EXP-LEAD, 2023-07-18T15:41:28.694, ubuntu22-c, mtd-zk-1, START
EXP-LEAD, 2023-07-18T15:41:33.242, ubuntu22-c, mtd-zk-1, END
EXP-LOAD, 2023-07-18T15:41:34.296, ubuntu22-c, mtd-zk-1, 0.257921
EXP-LOAD, 2023-07-18T15:41:44.874, ubuntu22-c, mtd-zk-1, 0.257921
EXP-LOAD, 2023-07-18T15:41:50.954, ubuntu22-c, mtd-zk-1, 0.121098
EXP-LEAD, 2023-07-18T15:41:51.976, ubuntu22-c, mtd-zk-1, START
EXP-LEAD, 2023-07-18T15:41:59.419, ubuntu22-c, mtd-zk-1, END
EXP-LOAD, 2023-07-18T15:42:00.464, ubuntu22-c, mtd-zk-1, 0.121098
EXP-LOAD, 2023-07-18T15:42:07.115, ubuntu22-c, mtd-zk-1, 0.162809
EXP-LEAD, 2023-07-18T15:42:08.637, ubuntu22-c, mtd-zk-1, START
EXP-LEAD, 2023-07-18T15:42:13.305, ubuntu22-c, mtd-zk-1, END
EXP-LOAD, 2023-07-18T15:42:14.367, ubuntu22-c, mtd-zk-1, 0.162809
EXP-LOAD, 2023-07-18T15:42:23.465, ubuntu22-c, mtd-zk-1, 0.200032
EXP-LOAD, 2023-07-18T15:42:33.534, ubuntu22-c, mtd-zk-1, 0.200032
EXP-LOAD, 2023-07-18T15:42:42.613, ubuntu22-c, mtd-zk-1, 0.158229
EXP-LOAD, 2023-07-18T15:42:52.686, ubuntu22-c, mtd-zk-1, 0.083609
EXP-LOAD, 2023-07-18T15:43:04.837, ubuntu22-c, mtd-zk-1, 0.125317
EXP-LEAD, 2023-07-18T15:43:05.870, ubuntu22-c, mtd-zk-1, START
EXP-LEAD, 2023-07-18T15:43:10.391, ubuntu22-c, mtd-zk-1, END
EXP-LOAD, 2023-07-18T15:43:11.458, ubuntu22-c, mtd-zk-1, 0.125317
EXP-LEAD, 2023-07-18T15:43:12.487, ubuntu22-c, mtd-zk-1, START
EXP-LEAD, 2023-07-18T15:43:18.012, ubuntu22-c, mtd-zk-1, END
EXP-LOAD, 2023-07-18T15:43:19.099, ubuntu22-c, mtd-zk-1, 0.183660
EXP-LOAD, 2023-07-18T15:43:25.184, ubuntu22-c, mtd-zk-1, 0.183660
EXP-LOAD, 2023-07-18T15:43:32.728, ubuntu22-c, mtd-zk-1, 0.183660
EXP-LEAD, 2023-07-18T15:43:34.767, ubuntu22-c, mtd-zk-1, START
EXP-LEAD, 2023-07-18T15:43:43.348, ubuntu22-c, mtd-zk-1, END
EXP-LOAD, 2023-07-18T15:43:44.399, ubuntu22-c, mtd-zk-1, 0.195736
EXP-LOAD, 2023-07-18T15:43:50.929, ubuntu22-c, mtd-zk-1, 0.175618
EXP-LOAD, 2023-07-18T15:44:02.009, ubuntu22-c, mtd-zk-1, 0.175618
EXP-LOAD, 2023-07-18T15:44:09.117, ubuntu22-c, mtd-zk-1, 0.202635
EXP-LOAD, 2023-07-18T15:44:18.201, ubuntu22-c, mtd-zk-1, 0.202635
EXP-LEAD, 2023-07-18T15:44:20.223, ubuntu22-c, mtd-zk-1, START
EXP-LEAD, 2023-07-18T15:44:24.766, ubuntu22-c, mtd-zk-1, END
EXP-LOAD, 2023-07-18T15:44:25.819, ubuntu22-c, mtd-zk-1, 0.234090
EXP-LEAD, 2023-07-18T15:44:27.319, ubuntu22-c, mtd-zk-1, START
EXP-LEAD, 2023-07-18T15:44:33.851, ubuntu22-c, mtd-zk-1, END
EXP-LOAD, 2023-07-18T15:44:34.902, ubuntu22-c, mtd-zk-1, 0.212519
EXP-LEAD, 2023-07-18T15:44:36.388, ubuntu22-c, mtd-zk-1, START
EXP-LEAD, 2023-07-18T15:44:45.145, ubuntu22-c, mtd-zk-1, END
EXP-LOAD, 2023-07-18T15:44:46.223, ubuntu22-c, mtd-zk-1, 0.212519
EXP-LEAD, 2023-07-18T15:44:47.498, ubuntu22-c, mtd-zk-1, START
EXP-LEAD, 2023-07-18T15:44:52.977, ubuntu22-c, mtd-zk-1, END
EXP-LOAD, 2023-07-18T15:44:54.039, ubuntu22-c, mtd-zk-1, 0.118635
EXP-LEAD, 2023-07-18T15:44:55.569, ubuntu22-c, mtd-zk-1, START
EXP-LEAD, 2023-07-18T15:45:03.098, ubuntu22-c, mtd-zk-1, END
EXP-LOAD, 2023-07-18T15:45:04.155, ubuntu22-c, mtd-zk-1, 0.202313
EXP-LEAD, 2023-07-18T15:45:05.670, ubuntu22-c, mtd-zk-1, START
EXP-LEAD, 2023-07-18T15:45:11.240, ubuntu22-c, mtd-zk-1, END
EXP-LOAD, 2023-07-18T15:45:12.287, ubuntu22-c, mtd-zk-1, 0.202313
EXP-LOAD, 2023-07-18T15:45:23.824, ubuntu22-c, mtd-zk-1, 0.190826
EXP-LOAD, 2023-07-18T15:45:30.894, ubuntu22-c, mtd-zk-1, 0.190826
EXP-LEAD, 2023-07-18T15:45:31.930, ubuntu22-c, mtd-zk-1, START
EXP-LEAD, 2023-07-18T15:45:36.358, ubuntu22-c, mtd-zk-1, END
EXP-LOAD, 2023-07-18T15:45:37.423, ubuntu22-c, mtd-zk-1, 0.122787
EXP-LEAD, 2023-07-18T15:45:39.015, ubuntu22-c, mtd-zk-1, START
EXP-LEAD, 2023-07-18T15:45:44.427, ubuntu22-c, mtd-zk-1, END
EXP-LOAD, 2023-07-18T15:45:45.474, ubuntu22-c, mtd-zk-1, 0.122787
EXP-LEAD, 2023-07-18T15:45:48.152, ubuntu22-c, mtd-zk-1, START
EXP-LEAD, 2023-07-18T15:45:52.574, ubuntu22-c, mtd-zk-1, END
EXP-LOAD, 2023-07-18T15:45:53.621, ubuntu22-c, mtd-zk-1, 0.197027
EXP-LEAD, 2023-07-18T15:45:54.219, ubuntu22-c, mtd-zk-1, START
EXP-LEAD, 2023-07-18T15:46:02.716, ubuntu22-c, mtd-zk-1, END
EXP-LOAD, 2023-07-18T15:46:03.779, ubuntu22-c, mtd-zk-1, 0.197027
EXP-LOAD, 2023-07-18T15:46:09.362, ubuntu22-c, mtd-zk-1, 0.218129
EXP-LOAD, 2023-07-18T15:46:16.052, ubuntu22-c, mtd-zk-1, 0.218129
EXP-LOAD, 2023-07-18T15:46:29.175, ubuntu22-c, mtd-zk-1, 0.245015
EXP-LOAD, 2023-07-18T15:46:37.253, ubuntu22-c, mtd-zk-1, 0.155914
EXP-LOAD, 2023-07-18T15:46:47.347, ubuntu22-c, mtd-zk-1, 0.155914
EXP-LOAD, 2023-07-18T15:46:55.446, ubuntu22-c, mtd-zk-1, 0.088616
EXP-LOAD, 2023-07-18T15:47:06.548, ubuntu22-c, mtd-zk-1, 0.091820
EXP-LOAD, 2023-07-18T15:47:15.651, ubuntu22-c, mtd-zk-1, 0.091820
EXP-LEAD, 2023-07-18T15:47:16.686, ubuntu22-c, mtd-zk-1, START
EXP-LEAD, 2023-07-18T15:47:24.474, ubuntu22-c, mtd-zk-1, END
EXP-LOAD, 2023-07-18T15:47:25.539, ubuntu22-c, mtd-zk-1, 0.097020
EXP-LOAD, 2023-07-18T15:47:31.827, ubuntu22-c, mtd-zk-1, 0.097020
EXP-LOAD, 2023-07-18T15:47:39.923, ubuntu22-c, mtd-zk-1, 0.138228
EXP-LOAD, 2023-07-18T15:47:49.545, ubuntu22-c, mtd-zk-1, 0.209248
EXP-LOAD, 2023-07-18T15:47:59.670, ubuntu22-c, mtd-zk-1, 0.209248
EXP-LOAD, 2023-07-18T15:48:08.754, ubuntu22-c, mtd-zk-1, 0.124713
EXP-LEAD, 2023-07-18T15:48:09.788, ubuntu22-c, mtd-zk-1, START
EXP-LEAD, 2023-07-18T15:48:14.186, ubuntu22-c, mtd-zk-1, END
EXP-LOAD, 2023-07-18T15:48:15.245, ubuntu22-c, mtd-zk-1, 0.124713
EXP-LOAD, 2023-07-18T15:48:22.351, ubuntu22-c, mtd-zk-1, 0.170638
EXP-LOAD, 2023-07-18T15:48:30.438, ubuntu22-c, mtd-zk-1, 0.170638
EXP-LOAD, 2023-07-18T15:48:37.579, ubuntu22-c, mtd-zk-1, 0.200645
EXP-LOAD, 2023-07-18T15:48:43.668, ubuntu22-c, mtd-zk-1, 0.200645
EXP-LOAD, 2023-07-18T15:48:53.203, ubuntu22-c, mtd-zk-1, 0.231266
EXP-LOAD, 2023-07-18T15:49:00.288, ubuntu22-c, mtd-zk-1, 0.231266
EXP-LOAD, 2023-07-18T15:49:10.367, ubuntu22-c, mtd-zk-1, 0.166050
EXP-LOAD, 2023-07-18T15:49:18.444, ubuntu22-c, mtd-zk-1, 0.166050
EXP-LEAD, 2023-07-18T15:49:21.475, ubuntu22-c, mtd-zk-1, START
EXP-LEAD, 2023-07-18T15:49:26.127, ubuntu22-c, mtd-zk-1, END
EXP-LOAD, 2023-07-18T15:49:27.169, ubuntu22-c, mtd-zk-1, 0.215737
EXP-LEAD, 2023-07-18T15:49:27.559, ubuntu22-c, mtd-zk-1, START
EXP-LEAD, 2023-07-18T15:49:32.116, ubuntu22-c, mtd-zk-1, END
EXP-LOAD, 2023-07-18T15:49:33.160, ubuntu22-c, mtd-zk-1, 0.215737
EXP-LEAD, 2023-07-18T15:49:34.620, ubuntu22-c, mtd-zk-1, START
EXP-LEAD, 2023-07-18T15:49:39.070, ubuntu22-c, mtd-zk-1, END
EXP-LOAD, 2023-07-18T15:49:40.163, ubuntu22-c, mtd-zk-1, 0.188234
EXP-LEAD, 2023-07-18T15:49:41.754, ubuntu22-c, mtd-zk-1, START
EXP-LEAD, 2023-07-18T15:49:46.251, ubuntu22-c, mtd-zk-1, END
EXP-LOAD, 2023-07-18T15:49:47.309, ubuntu22-c, mtd-zk-1, 0.188234
EXP-LEAD, 2023-07-18T15:49:48.350, ubuntu22-c, mtd-zk-1, START
EXP-LEAD, 2023-07-18T15:49:55.863, ubuntu22-c, mtd-zk-1, END
EXP-LOAD, 2023-07-18T15:49:56.928, ubuntu22-c, mtd-zk-1, 0.290861
EXP-LOAD, 2023-07-18T15:50:03.501, ubuntu22-c, mtd-zk-1, 0.290861
EXP-LOAD, 2023-07-18T15:50:14.607, ubuntu22-c, mtd-zk-1, 0.122230
EXP-LEAD, 2023-07-18T15:50:16.661, ubuntu22-c, mtd-zk-1, START
EXP-LEAD, 2023-07-18T15:50:21.132, ubuntu22-c, mtd-zk-1, END
EXP-LOAD, 2023-07-18T15:50:22.180, ubuntu22-c, mtd-zk-1, 0.153626
EXP-LOAD, 2023-07-18T15:50:29.795, ubuntu22-c, mtd-zk-1, 0.153626
EXP-LEAD, 2023-07-18T15:50:30.250, ubuntu22-c, mtd-zk-1, START
EXP-LEAD, 2023-07-18T15:50:39.788, ubuntu22-c, mtd-zk-1, END
EXP-LOAD, 2023-07-18T15:50:40.855, ubuntu22-c, mtd-zk-1, 0.185016
EXP-LOAD, 2023-07-18T15:50:49.401, ubuntu22-c, mtd-zk-1, 0.210434
EXP-LEAD, 2023-07-18T15:50:51.433, ubuntu22-c, mtd-zk-1, START
EXP-LEAD, 2023-07-18T15:50:58.046, ubuntu22-c, mtd-zk-1, END
EXP-LOAD, 2023-07-18T15:50:59.106, ubuntu22-c, mtd-zk-1, 0.210434
EXP-LEAD, 2023-07-18T15:51:00.550, ubuntu22-c, mtd-zk-1, START
EXP-LEAD, 2023-07-18T15:51:07.052, ubuntu22-c, mtd-zk-1, END
EXP-LOAD, 2023-07-18T15:51:08.090, ubuntu22-c, mtd-zk-1, 0.106022
EXP-LOAD, 2023-07-18T15:51:14.722, ubuntu22-c, mtd-zk-1, 0.106022
EXP-LEAD, 2023-07-18T15:51:15.768, ubuntu22-c, mtd-zk-1, START
EXP-LEAD, 2023-07-18T15:51:22.277, ubuntu22-c, mtd-zk-1, END
EXP-LOAD, 2023-07-18T15:51:23.341, ubuntu22-c, mtd-zk-1, 0.178421
EXP-LOAD, 2023-07-18T15:51:33.919, ubuntu22-c, mtd-zk-1, 0.178421
EXP-LEAD, 2023-07-18T15:51:36.962, ubuntu22-c, mtd-zk-1, START
EXP-LEAD, 2023-07-18T15:51:42.505, ubuntu22-c, mtd-zk-1, END
EXP-LOAD, 2023-07-18T15:51:43.552, ubuntu22-c, mtd-zk-1, 0.276878
EXP-LOAD, 2023-07-18T15:51:53.097, ubuntu22-c, mtd-zk-1, 0.225180
EXP-LOAD, 2023-07-18T15:52:02.187, ubuntu22-c, mtd-zk-1, 0.225180
EXP-LOAD, 2023-07-18T15:52:08.271, ubuntu22-c, mtd-zk-1, 0.190937
EXP-LOAD, 2023-07-18T15:52:18.810, ubuntu22-c, mtd-zk-1, 0.190937
EXP-LOAD, 2023-07-18T15:52:26.912, ubuntu22-c, mtd-zk-1, 0.195929
EXP-LOAD, 2023-07-18T15:52:35.035, ubuntu22-c, mtd-zk-1, 0.176632
EXP-LEAD, 2023-07-18T15:52:37.510, ubuntu22-c, mtd-zk-1, START
EXP-LEAD, 2023-07-18T15:52:46.023, ubuntu22-c, mtd-zk-1, END
EXP-LOAD, 2023-07-18T15:52:47.077, ubuntu22-c, mtd-zk-1, 0.176632
EXP-LEAD, 2023-07-18T15:52:48.621, ubuntu22-c, mtd-zk-1, START
EXP-LEAD, 2023-07-18T15:52:53.073, ubuntu22-c, mtd-zk-1, END
EXP-LOAD, 2023-07-18T15:52:54.115, ubuntu22-c, mtd-zk-1, 0.162416
EXP-LOAD, 2023-07-18T15:53:04.826, ubuntu22-c, mtd-zk-1, 0.157426
EXP-LEAD, 2023-07-18T15:53:05.848, ubuntu22-c, mtd-zk-1, START
EXP-LEAD, 2023-07-18T15:53:11.242, ubuntu22-c, mtd-zk-1, END
EXP-LOAD, 2023-07-18T15:53:12.282, ubuntu22-c, mtd-zk-1, 0.157426
EXP-LOAD, 2023-07-18T15:53:22.990, ubuntu22-c, mtd-zk-1, 0.114425
EXP-LEAD, 2023-07-18T15:53:24.016, ubuntu22-c, mtd-zk-1, START
EXP-LEAD, 2023-07-18T15:53:28.471, ubuntu22-c, mtd-zk-1, END
EXP-LOAD, 2023-07-18T15:53:29.508, ubuntu22-c, mtd-zk-1, 0.114425
EXP-LOAD, 2023-07-18T15:53:36.165, ubuntu22-c, mtd-zk-1, 0.101642
EXP-LOAD, 2023-07-18T15:53:45.256, ubuntu22-c, mtd-zk-1, 0.101642
EXP-LEAD, 2023-07-18T15:53:46.298, ubuntu22-c, mtd-zk-1, START
EXP-LEAD, 2023-07-18T15:53:56.880, ubuntu22-c, mtd-zk-1, END
EXP-LOAD, 2023-07-18T15:53:57.937, ubuntu22-c, mtd-zk-1, 0.202071
EXP-LOAD, 2023-07-18T15:54:04.014, ubuntu22-c, mtd-zk-1, 0.202071
EXP-LEAD, 2023-07-18T15:54:05.051, ubuntu22-c, mtd-zk-1, START
EXP-LEAD, 2023-07-18T15:54:09.555, ubuntu22-c, mtd-zk-1, END
EXP-LOAD, 2023-07-18T15:54:10.612, ubuntu22-c, mtd-zk-1, 0.139809
EXP-LOAD, 2023-07-18T15:54:22.293, ubuntu22-c, mtd-zk-1, 0.150923
EXP-LOAD, 2023-07-18T15:54:30.366, ubuntu22-c, mtd-zk-1, 0.150923
EXP-LOAD, 2023-07-18T15:54:44.462, ubuntu22-c, mtd-zk-1, 0.168025
EXP-LEAD, 2023-07-18T15:54:45.485, ubuntu22-c, mtd-zk-1, START
EXP-LEAD, 2023-07-18T15:54:50.890, ubuntu22-c, mtd-zk-1, END
EXP-LOAD, 2023-07-18T15:54:51.927, ubuntu22-c, mtd-zk-1, 0.132313
EXP-LEAD, 2023-07-18T15:54:53.601, ubuntu22-c, mtd-zk-1, START
EXP-LEAD, 2023-07-18T15:55:02.162, ubuntu22-c, mtd-zk-1, END
EXP-LOAD, 2023-07-18T15:55:03.227, ubuntu22-c, mtd-zk-1, 0.132313
EXP-LOAD, 2023-07-18T15:55:10.796, ubuntu22-c, mtd-zk-1, 0.126667
EXP-LOAD, 2023-07-18T15:55:18.445, ubuntu22-c, mtd-zk-1, 0.126667
EXP-LOAD, 2023-07-18T15:55:26.547, ubuntu22-c, mtd-zk-1, 0.163947
EXP-LOAD, 2023-07-18T15:55:35.677, ubuntu22-c, mtd-zk-1, 0.135645
EXP-LOAD, 2023-07-18T15:55:41.747, ubuntu22-c, mtd-zk-1, 0.135645
EXP-LOAD, 2023-07-18T15:55:51.864, ubuntu22-c, mtd-zk-1, 0.147163
EXP-LOAD, 2023-07-18T15:55:59.904, ubuntu22-c, mtd-zk-1, 0.147163
EXP-LOAD, 2023-07-18T15:56:09.471, ubuntu22-c, mtd-zk-1, 0.183834
EXP-LOAD, 2023-07-18T15:56:16.636, ubuntu22-c, mtd-zk-1, 0.183834
EXP-LEAD, 2023-07-18T15:56:18.101, ubuntu22-c, mtd-zk-1, START
EXP-LEAD, 2023-07-18T15:56:24.667, ubuntu22-c, mtd-zk-1, END
EXP-LOAD, 2023-07-18T15:56:25.725, ubuntu22-c, mtd-zk-1, 0.149047
EXP-LOAD, 2023-07-18T15:56:33.839, ubuntu22-c, mtd-zk-1, 0.149047
EXP-LEAD, 2023-07-18T15:56:34.900, ubuntu22-c, mtd-zk-1, START
EXP-LEAD, 2023-07-18T15:56:40.391, ubuntu22-c, mtd-zk-1, END
EXP-LOAD, 2023-07-18T15:56:41.453, ubuntu22-c, mtd-zk-1, 0.148824
EXP-LEAD, 2023-07-18T15:56:43.979, ubuntu22-c, mtd-zk-1, START
EXP-LEAD, 2023-07-18T15:56:53.544, ubuntu22-c, mtd-zk-1, END
EXP-LOAD, 2023-07-18T15:56:54.593, ubuntu22-c, mtd-zk-1, 0.190673
EXP-LEAD, 2023-07-18T15:56:56.079, ubuntu22-c, mtd-zk-1, START
EXP-LEAD, 2023-07-18T15:57:01.489, ubuntu22-c, mtd-zk-1, END
EXP-LOAD, 2023-07-18T15:57:02.529, ubuntu22-c, mtd-zk-1, 0.190673
EXP-LEAD, 2023-07-18T15:57:03.171, ubuntu22-c, mtd-zk-1, START
EXP-LEAD, 2023-07-18T15:57:07.629, ubuntu22-c, mtd-zk-1, END
EXP-LOAD, 2023-07-18T15:57:08.697, ubuntu22-c, mtd-zk-1, 0.120015
EXP-LOAD, 2023-07-18T15:57:16.400, ubuntu22-c, mtd-zk-1, 0.120015
EXP-LOAD, 2023-07-18T15:57:25.500, ubuntu22-c, mtd-zk-1, 0.190920
EXP-LOAD, 2023-07-18T15:57:30.589, ubuntu22-c, mtd-zk-1, 0.190920
EXP-LOAD, 2023-07-18T15:57:39.694, ubuntu22-c, mtd-zk-1, 0.187091
EXP-LOAD, 2023-07-18T15:57:47.827, ubuntu22-c, mtd-zk-1, 0.187091
EXP-LOAD, 2023-07-18T15:57:56.334, ubuntu22-c, mtd-zk-1, 0.221530
EXP-LEAD, 2023-07-18T15:57:57.904, ubuntu22-c, mtd-zk-1, START
EXP-LEAD, 2023-07-18T15:58:05.405, ubuntu22-c, mtd-zk-1, END
EXP-LOAD, 2023-07-18T15:58:06.466, ubuntu22-c, mtd-zk-1, 0.263063
EXP-LOAD, 2023-07-18T15:58:15.084, ubuntu22-c, mtd-zk-1, 0.263063
EXP-LOAD, 2023-07-18T15:58:22.192, ubuntu22-c, mtd-zk-1, 0.174037
EXP-LEAD, 2023-07-18T15:58:23.616, ubuntu22-c, mtd-zk-1, START
EXP-LEAD, 2023-07-18T15:58:29.210, ubuntu22-c, mtd-zk-1, END
EXP-LOAD, 2023-07-18T15:58:30.288, ubuntu22-c, mtd-zk-1, 0.174037
EXP-LOAD, 2023-07-18T15:58:38.789, ubuntu22-c, mtd-zk-1, 0.244853
EXP-LOAD, 2023-07-18T15:58:47.880, ubuntu22-c, mtd-zk-1, 0.244853
EXP-LOAD, 2023-07-18T15:58:55.554, ubuntu22-c, mtd-zk-1, 0.164122
EXP-LEAD, 2023-07-18T15:58:57.110, ubuntu22-c, mtd-zk-1, START
EXP-LEAD, 2023-07-18T15:59:04.690, ubuntu22-c, mtd-zk-1, END
EXP-LOAD, 2023-07-18T15:59:05.723, ubuntu22-c, mtd-zk-1, 0.156430
EXP-LOAD, 2023-07-18T15:59:13.253, ubuntu22-c, mtd-zk-1, 0.156430
EXP-LOAD, 2023-07-18T15:59:23.324, ubuntu22-c, mtd-zk-1, 0.160794
EXP-LEAD, 2023-07-18T15:59:25.360, ubuntu22-c, mtd-zk-1, START
EXP-LEAD, 2023-07-18T15:59:29.813, ubuntu22-c, mtd-zk-1, END
EXP-LOAD, 2023-07-18T15:59:30.855, ubuntu22-c, mtd-zk-1, 0.160794
EXP-LOAD, 2023-07-18T15:59:40.556, ubuntu22-c, mtd-zk-1, 0.184021
EXP-LOAD, 2023-07-18T15:59:46.668, ubuntu22-c, mtd-zk-1, 0.184021
EXP-LOAD, 2023-07-18T15:59:54.280, ubuntu22-c, mtd-zk-1, 0.183049
EXP-LEAD, 2023-07-18T15:59:55.297, ubuntu22-c, mtd-zk-1, START
EXP-LEAD, 2023-07-18T16:00:00.937, ubuntu22-c, mtd-zk-1, END
EXP-LOAD, 2023-07-18T16:00:01.984, ubuntu22-c, mtd-zk-1, 0.183049
EXP-LOAD, 2023-07-18T16:00:14.505, ubuntu22-c, mtd-zk-1, 0.179406
EXP-LOAD, 2023-07-18T16:00:21.623, ubuntu22-c, mtd-zk-1, 0.146390
EXP-LOAD, 2023-07-18T16:00:32.717, ubuntu22-c, mtd-zk-1, 0.146390
EXP-LEAD, 2023-07-18T16:00:33.752, ubuntu22-c, mtd-zk-1, START
EXP-LEAD, 2023-07-18T16:00:38.127, ubuntu22-c, mtd-zk-1, END
EXP-LOAD, 2023-07-18T16:00:39.176, ubuntu22-c, mtd-zk-1, 0.106430
EXP-LEAD, 2023-07-18T16:00:39.828, ubuntu22-c, mtd-zk-1, START
EXP-LEAD, 2023-07-18T16:00:44.248, ubuntu22-c, mtd-zk-1, END
EXP-LOAD, 2023-07-18T16:00:45.306, ubuntu22-c, mtd-zk-1, 0.106430
EXP-LEAD, 2023-07-18T16:00:46.929, ubuntu22-c, mtd-zk-1, START
EXP-LEAD, 2023-07-18T16:00:55.688, ubuntu22-c, mtd-zk-1, END
EXP-LOAD, 2023-07-18T16:00:56.761, ubuntu22-c, mtd-zk-1, 0.195716
EXP-LOAD, 2023-07-18T16:01:01.843, ubuntu22-c, mtd-zk-1, 0.195716
EXP-LOAD, 2023-07-18T16:01:10.006, ubuntu22-c, mtd-zk-1, 0.128635
EXP-LOAD, 2023-07-18T16:01:17.087, ubuntu22-c, mtd-zk-1, 0.128635
EXP-LEAD, 2023-07-18T16:01:18.115, ubuntu22-c, mtd-zk-1, START
EXP-LEAD, 2023-07-18T16:01:22.529, ubuntu22-c, mtd-zk-1, END
EXP-LOAD, 2023-07-18T16:01:23.584, ubuntu22-c, mtd-zk-1, 0.201827
EXP-LEAD, 2023-07-18T16:01:23.614, ubuntu22-c, mtd-zk-1, START
EXP-LEAD, 2023-07-18T16:01:32.096, ubuntu22-c, mtd-zk-1, END
EXP-LOAD, 2023-07-18T16:01:33.154, ubuntu22-c, mtd-zk-1, 0.201827
EXP-LEAD, 2023-07-18T16:01:34.744, ubuntu22-c, mtd-zk-1, START
EXP-LEAD, 2023-07-18T16:01:39.207, ubuntu22-c, mtd-zk-1, END
EXP-LOAD, 2023-07-18T16:01:40.267, ubuntu22-c, mtd-zk-1, 0.193025
EXP-LEAD, 2023-07-18T16:01:41.833, ubuntu22-c, mtd-zk-1, START
EXP-LEAD, 2023-07-18T16:01:49.295, ubuntu22-c, mtd-zk-1, END
EXP-LOAD, 2023-07-18T16:01:50.343, ubuntu22-c, mtd-zk-1, 0.183132
EXP-LOAD, 2023-07-18T16:01:57.411, ubuntu22-c, mtd-zk-1, 0.183132
EXP-LEAD, 2023-07-18T16:01:59.942, ubuntu22-c, mtd-zk-1, START
EXP-LEAD, 2023-07-18T16:02:05.341, ubuntu22-c, mtd-zk-1, END
EXP-LOAD, 2023-07-18T16:02:06.396, ubuntu22-c, mtd-zk-1, 0.111223
EXP-LEAD, 2023-07-18T16:02:08.096, ubuntu22-c, mtd-zk-1, START
EXP-LEAD, 2023-07-18T16:02:15.572, ubuntu22-c, mtd-zk-1, END
EXP-LOAD, 2023-07-18T16:02:16.666, ubuntu22-c, mtd-zk-1, 0.111223
EXP-LEAD, 2023-07-18T16:02:18.185, ubuntu22-c, mtd-zk-1, START
EXP-LEAD, 2023-07-18T16:02:22.639, ubuntu22-c, mtd-zk-1, END
EXP-LOAD, 2023-07-18T16:02:23.673, ubuntu22-c, mtd-zk-1, 0.198731
EXP-LOAD, 2023-07-18T16:02:29.777, ubuntu22-c, mtd-zk-1, 0.198731
EXP-LEAD, 2023-07-18T16:02:31.822, ubuntu22-c, mtd-zk-1, START
EXP-LEAD, 2023-07-18T16:02:40.303, ubuntu22-c, mtd-zk-1, END
EXP-LOAD, 2023-07-18T16:02:41.380, ubuntu22-c, mtd-zk-1, 0.198260
EXP-LOAD, 2023-07-18T16:02:49.040, ubuntu22-c, mtd-zk-1, 0.210531
EXP-LOAD, 2023-07-18T16:02:59.172, ubuntu22-c, mtd-zk-1, 0.210531
EXP-LEAD, 2023-07-18T16:03:01.177, ubuntu22-c, mtd-zk-1, START
EXP-LEAD, 2023-07-18T16:03:05.613, ubuntu22-c, mtd-zk-1, END
EXP-LOAD, 2023-07-18T16:03:06.660, ubuntu22-c, mtd-zk-1, 0.097020
EXP-LOAD, 2023-07-18T16:03:16.374, ubuntu22-c, mtd-zk-1, 0.097020
EXP-LOAD, 2023-07-18T16:03:24.492, ubuntu22-c, mtd-zk-1, 0.183348
