EXP-LOAD, 2023-07-18T16:05:16.755, ubuntu22-d, mtd-zk-2, 0.055824
EXP-LEAD, 2023-07-18T16:05:19.809, ubuntu22-d, mtd-zk-2, START
EXP-LEAD, 2023-07-18T16:05:25.501, ubuntu22-d, mtd-zk-2, END
EXP-LOAD, 2023-07-18T16:05:26.590, ubuntu22-d, mtd-zk-2, 0.248316
EXP-LEAD, 2023-07-18T16:05:28.032, ubuntu22-d, mtd-zk-2, START
EXP-LEAD, 2023-07-18T16:05:34.964, ubuntu22-d, mtd-zk-2, END
EXP-LOAD, 2023-07-18T16:05:36.058, ubuntu22-d, mtd-zk-2, 0.475008
EXP-LOAD, 2023-07-18T16:05:44.261, ubuntu22-d, mtd-zk-2, 0.475008
EXP-LOAD, 2023-07-18T16:05:55.507, ubuntu22-d, mtd-zk-2, 0.186135
EXP-LEAD, 2023-07-18T16:05:56.561, ubuntu22-d, mtd-zk-2, START
EXP-LEAD, 2023-07-18T16:06:02.403, ubuntu22-d, mtd-zk-2, END
EXP-LOAD, 2023-07-18T16:06:03.470, ubuntu22-d, mtd-zk-2, 0.186135
EXP-LOAD, 2023-07-18T16:06:13.827, ubuntu22-d, mtd-zk-2, 0.119411
EXP-LOAD, 2023-07-18T16:06:21.980, ubuntu22-d, mtd-zk-2, 0.156526
EXP-LOAD, 2023-07-18T16:06:29.132, ubuntu22-d, mtd-zk-2, 0.156526
EXP-LOAD, 2023-07-18T16:06:39.339, ubuntu22-d, mtd-zk-2, 0.164845
EXP-LOAD, 2023-07-18T16:06:47.466, ubuntu22-d, mtd-zk-2, 0.164845
EXP-LEAD, 2023-07-18T16:06:48.510, ubuntu22-d, mtd-zk-2, START
EXP-LEAD, 2023-07-18T16:06:53.156, ubuntu22-d, mtd-zk-2, END
EXP-LOAD, 2023-07-18T16:06:54.242, ubuntu22-d, mtd-zk-2, 0.156748
EXP-LOAD, 2023-07-18T16:07:04.713, ubuntu22-d, mtd-zk-2, 0.224028
EXP-LOAD, 2023-07-18T16:07:11.837, ubuntu22-d, mtd-zk-2, 0.224028
EXP-LOAD, 2023-07-18T16:07:21.991, ubuntu22-d, mtd-zk-2, 0.139146
EXP-LEAD, 2023-07-18T16:07:23.052, ubuntu22-d, mtd-zk-2, START
EXP-LEAD, 2023-07-18T16:07:28.639, ubuntu22-d, mtd-zk-2, END
EXP-LOAD, 2023-07-18T16:07:29.722, ubuntu22-d, mtd-zk-2, 0.139146
EXP-LEAD, 2023-07-18T16:07:31.177, ubuntu22-d, mtd-zk-2, START
EXP-LEAD, 2023-07-18T16:07:37.888, ubuntu22-d, mtd-zk-2, END
EXP-LOAD, 2023-07-18T16:07:38.965, ubuntu22-d, mtd-zk-2, 0.228414
EXP-LOAD, 2023-07-18T16:07:46.448, ubuntu22-d, mtd-zk-2, 0.228414
EXP-LEAD, 2023-07-18T16:07:48.375, ubuntu22-d, mtd-zk-2, START
EXP-LEAD, 2023-07-18T16:07:52.993, ubuntu22-d, mtd-zk-2, END
EXP-LOAD, 2023-07-18T16:07:54.058, ubuntu22-d, mtd-zk-2, 0.143121
EXP-LEAD, 2023-07-18T16:07:55.506, ubuntu22-d, mtd-zk-2, START
EXP-LEAD, 2023-07-18T16:08:01.029, ubuntu22-d, mtd-zk-2, END
EXP-LOAD, 2023-07-18T16:08:02.084, ubuntu22-d, mtd-zk-2, 0.143121
EXP-LOAD, 2023-07-18T16:08:09.710, ubuntu22-d, mtd-zk-2, 0.419660
EXP-LEAD, 2023-07-18T16:08:10.750, ubuntu22-d, mtd-zk-2, START
EXP-LEAD, 2023-07-18T16:08:15.309, ubuntu22-d, mtd-zk-2, END
EXP-LOAD, 2023-07-18T16:08:16.376, ubuntu22-d, mtd-zk-2, 0.419660
EXP-LOAD, 2023-07-18T16:08:26.991, ubuntu22-d, mtd-zk-2, 0.209919
EXP-LOAD, 2023-07-18T16:08:34.132, ubuntu22-d, mtd-zk-2, 0.209919
EXP-LOAD, 2023-07-18T16:08:42.251, ubuntu22-d, mtd-zk-2, 0.258844
EXP-LOAD, 2023-07-18T16:08:49.353, ubuntu22-d, mtd-zk-2, 0.160142
EXP-LEAD, 2023-07-18T16:08:51.400, ubuntu22-d, mtd-zk-2, START
EXP-LEAD, 2023-07-18T16:08:55.944, ubuntu22-d, mtd-zk-2, END
EXP-LOAD, 2023-07-18T16:08:57.027, ubuntu22-d, mtd-zk-2, 0.160142
EXP-LEAD, 2023-07-18T16:08:58.550, ubuntu22-d, mtd-zk-2, START
EXP-LEAD, 2023-07-18T16:09:07.344, ubuntu22-d, mtd-zk-2, END
EXP-LOAD, 2023-07-18T16:09:08.414, ubuntu22-d, mtd-zk-2, 0.220621
EXP-LOAD, 2023-07-18T16:09:15.786, ubuntu22-d, mtd-zk-2, 0.220621
EXP-LEAD, 2023-07-18T16:09:18.810, ubuntu22-d, mtd-zk-2, START
EXP-LEAD, 2023-07-18T16:09:24.437, ubuntu22-d, mtd-zk-2, END
EXP-LOAD, 2023-07-18T16:09:25.513, ubuntu22-d, mtd-zk-2, 0.149732
EXP-LOAD, 2023-07-18T16:09:32.014, ubuntu22-d, mtd-zk-2, 0.149732
EXP-LOAD, 2023-07-18T16:09:44.152, ubuntu22-d, mtd-zk-2, 0.290421
EXP-LOAD, 2023-07-18T16:09:52.249, ubuntu22-d, mtd-zk-2, 0.151018
EXP-LEAD, 2023-07-18T16:09:53.285, ubuntu22-d, mtd-zk-2, START
EXP-LEAD, 2023-07-18T16:10:00.899, ubuntu22-d, mtd-zk-2, END
EXP-LOAD, 2023-07-18T16:10:01.968, ubuntu22-d, mtd-zk-2, 0.151018
EXP-LEAD, 2023-07-18T16:10:03.003, ubuntu22-d, mtd-zk-2, START
EXP-LEAD, 2023-07-18T16:10:07.554, ubuntu22-d, mtd-zk-2, END
EXP-LOAD, 2023-07-18T16:10:08.639, ubuntu22-d, mtd-zk-2, 0.154215
EXP-LEAD, 2023-07-18T16:10:10.094, ubuntu22-d, mtd-zk-2, START
EXP-LEAD, 2023-07-18T16:10:17.787, ubuntu22-d, mtd-zk-2, END
EXP-LOAD, 2023-07-18T16:10:18.862, ubuntu22-d, mtd-zk-2, 0.154215
EXP-LEAD, 2023-07-18T16:10:19.214, ubuntu22-d, mtd-zk-2, START
EXP-LEAD, 2023-07-18T16:10:26.830, ubuntu22-d, mtd-zk-2, END
EXP-LOAD, 2023-07-18T16:10:27.869, ubuntu22-d, mtd-zk-2, 0.204419
EXP-LOAD, 2023-07-18T16:10:35.393, ubuntu22-d, mtd-zk-2, 0.240048
EXP-LEAD, 2023-07-18T16:10:36.516, ubuntu22-d, mtd-zk-2, START
EXP-LEAD, 2023-07-18T16:10:40.985, ubuntu22-d, mtd-zk-2, END
EXP-LOAD, 2023-07-18T16:10:42.034, ubuntu22-d, mtd-zk-2, 0.240048
EXP-LOAD, 2023-07-18T16:10:49.737, ubuntu22-d, mtd-zk-2, 0.230436
EXP-LOAD, 2023-07-18T16:11:01.853, ubuntu22-d, mtd-zk-2, 0.230436
EXP-LOAD, 2023-07-18T16:11:08.979, ubuntu22-d, mtd-zk-2, 0.146443
EXP-LEAD, 2023-07-18T16:11:10.022, ubuntu22-d, mtd-zk-2, START
EXP-LEAD, 2023-07-18T16:11:14.665, ubuntu22-d, mtd-zk-2, END
EXP-LOAD, 2023-07-18T16:11:15.725, ubuntu22-d, mtd-zk-2, 0.146443
EXP-LOAD, 2023-07-18T16:11:25.228, ubuntu22-d, mtd-zk-2, 0.192335
EXP-LOAD, 2023-07-18T16:11:33.188, ubuntu22-d, mtd-zk-2, 0.192335
EXP-LEAD, 2023-07-18T16:11:35.218, ubuntu22-d, mtd-zk-2, START
EXP-LEAD, 2023-07-18T16:11:39.602, ubuntu22-d, mtd-zk-2, END
EXP-LOAD, 2023-07-18T16:11:40.683, ubuntu22-d, mtd-zk-2, 0.207850
EXP-LEAD, 2023-07-18T16:11:41.714, ubuntu22-d, mtd-zk-2, START
EXP-LEAD, 2023-07-18T16:11:50.308, ubuntu22-d, mtd-zk-2, END
EXP-LOAD, 2023-07-18T16:11:51.374, ubuntu22-d, mtd-zk-2, 0.205740
EXP-LEAD, 2023-07-18T16:11:52.834, ubuntu22-d, mtd-zk-2, START
EXP-LEAD, 2023-07-18T16:11:58.283, ubuntu22-d, mtd-zk-2, END
EXP-LOAD, 2023-07-18T16:11:59.343, ubuntu22-d, mtd-zk-2, 0.205740
EXP-LEAD, 2023-07-18T16:12:00.930, ubuntu22-d, mtd-zk-2, START
EXP-LEAD, 2023-07-18T16:12:07.583, ubuntu22-d, mtd-zk-2, END
EXP-LOAD, 2023-07-18T16:12:08.638, ubuntu22-d, mtd-zk-2, 0.175419
EXP-LOAD, 2023-07-18T16:12:19.153, ubuntu22-d, mtd-zk-2, 0.160031
EXP-LOAD, 2023-07-18T16:12:24.248, ubuntu22-d, mtd-zk-2, 0.160031
EXP-LOAD, 2023-07-18T16:12:33.441, ubuntu22-d, mtd-zk-2, 0.160031
EXP-LEAD, 2023-07-18T16:12:36.454, ubuntu22-d, mtd-zk-2, START
EXP-LEAD, 2023-07-18T16:12:44.011, ubuntu22-d, mtd-zk-2, END
EXP-LOAD, 2023-07-18T16:12:45.062, ubuntu22-d, mtd-zk-2, 0.265421
EXP-LEAD, 2023-07-18T16:12:46.573, ubuntu22-d, mtd-zk-2, START
EXP-LEAD, 2023-07-18T16:12:51.082, ubuntu22-d, mtd-zk-2, END
EXP-LOAD, 2023-07-18T16:12:52.176, ubuntu22-d, mtd-zk-2, 0.216318
EXP-LEAD, 2023-07-18T16:12:53.670, ubuntu22-d, mtd-zk-2, START
EXP-LEAD, 2023-07-18T16:12:59.129, ubuntu22-d, mtd-zk-2, END
EXP-LOAD, 2023-07-18T16:13:00.218, ubuntu22-d, mtd-zk-2, 0.216318
EXP-LOAD, 2023-07-18T16:13:08.321, ubuntu22-d, mtd-zk-2, 0.212624
EXP-LEAD, 2023-07-18T16:13:09.360, ubuntu22-d, mtd-zk-2, START
EXP-LEAD, 2023-07-18T16:13:16.891, ubuntu22-d, mtd-zk-2, END
EXP-LOAD, 2023-07-18T16:13:17.993, ubuntu22-d, mtd-zk-2, 0.212624
EXP-LOAD, 2023-07-18T16:13:24.568, ubuntu22-d, mtd-zk-2, 0.187118
EXP-LOAD, 2023-07-18T16:13:31.665, ubuntu22-d, mtd-zk-2, 0.187118
EXP-LOAD, 2023-07-18T16:13:37.807, ubuntu22-d, mtd-zk-2, 0.228643
EXP-LOAD, 2023-07-18T16:13:48.318, ubuntu22-d, mtd-zk-2, 0.228643
EXP-LOAD, 2023-07-18T16:13:56.471, ubuntu22-d, mtd-zk-2, 0.167211
EXP-LOAD, 2023-07-18T16:14:02.582, ubuntu22-d, mtd-zk-2, 0.167211
EXP-LOAD, 2023-07-18T16:14:12.863, ubuntu22-d, mtd-zk-2, 0.121829
EXP-LEAD, 2023-07-18T16:14:13.894, ubuntu22-d, mtd-zk-2, START
EXP-LEAD, 2023-07-18T16:14:18.407, ubuntu22-d, mtd-zk-2, END
EXP-LOAD, 2023-07-18T16:14:19.466, ubuntu22-d, mtd-zk-2, 0.203653
EXP-LOAD, 2023-07-18T16:14:29.061, ubuntu22-d, mtd-zk-2, 0.203653
EXP-LOAD, 2023-07-18T16:14:36.133, ubuntu22-d, mtd-zk-2, 0.140042
EXP-LEAD, 2023-07-18T16:14:38.166, ubuntu22-d, mtd-zk-2, START
EXP-LEAD, 2023-07-18T16:14:46.820, ubuntu22-d, mtd-zk-2, END
EXP-LOAD, 2023-07-18T16:14:47.895, ubuntu22-d, mtd-zk-2, 0.140042
EXP-LEAD, 2023-07-18T16:14:50.383, ubuntu22-d, mtd-zk-2, START
EXP-LEAD, 2023-07-18T16:14:55.881, ubuntu22-d, mtd-zk-2, END
EXP-LOAD, 2023-07-18T16:14:56.929, ubuntu22-d, mtd-zk-2, 0.156123
EXP-LOAD, 2023-07-18T16:15:07.557, ubuntu22-d, mtd-zk-2, 0.133420
EXP-LOAD, 2023-07-18T16:15:15.634, ubuntu22-d, mtd-zk-2, 0.133420
EXP-LEAD, 2023-07-18T16:15:16.678, ubuntu22-d, mtd-zk-2, START
EXP-LEAD, 2023-07-18T16:15:22.278, ubuntu22-d, mtd-zk-2, END
EXP-LOAD, 2023-07-18T16:15:23.326, ubuntu22-d, mtd-zk-2, 0.151619
EXP-LOAD, 2023-07-18T16:15:31.856, ubuntu22-d, mtd-zk-2, 0.151619
EXP-LOAD, 2023-07-18T16:15:40.963, ubuntu22-d, mtd-zk-2, 0.228217
EXP-LOAD, 2023-07-18T16:15:49.580, ubuntu22-d, mtd-zk-2, 0.146021
EXP-LEAD, 2023-07-18T16:15:51.610, ubuntu22-d, mtd-zk-2, START
EXP-LEAD, 2023-07-18T16:15:56.039, ubuntu22-d, mtd-zk-2, END
EXP-LOAD, 2023-07-18T16:15:57.118, ubuntu22-d, mtd-zk-2, 0.146021
EXP-LEAD, 2023-07-18T16:15:58.785, ubuntu22-d, mtd-zk-2, START
EXP-LEAD, 2023-07-18T16:16:05.215, ubuntu22-d, mtd-zk-2, END
EXP-LOAD, 2023-07-18T16:16:06.260, ubuntu22-d, mtd-zk-2, 0.225249
EXP-LOAD, 2023-07-18T16:16:14.264, ubuntu22-d, mtd-zk-2, 0.225249
EXP-LOAD, 2023-07-18T16:16:22.357, ubuntu22-d, mtd-zk-2, 0.207475
EXP-LOAD, 2023-07-18T16:16:28.473, ubuntu22-d, mtd-zk-2, 0.207475
EXP-LOAD, 2023-07-18T16:16:38.572, ubuntu22-d, mtd-zk-2, 0.250657
EXP-LEAD, 2023-07-18T16:16:40.588, ubuntu22-d, mtd-zk-2, START
EXP-LEAD, 2023-07-18T16:16:45.107, ubuntu22-d, mtd-zk-2, END
EXP-LOAD, 2023-07-18T16:16:46.148, ubuntu22-d, mtd-zk-2, 0.250657
EXP-LOAD, 2023-07-18T16:16:55.825, ubuntu22-d, mtd-zk-2, 0.252553
EXP-LEAD, 2023-07-18T16:16:58.757, ubuntu22-d, mtd-zk-2, START
EXP-LEAD, 2023-07-18T16:17:03.122, ubuntu22-d, mtd-zk-2, END
EXP-LOAD, 2023-07-18T16:17:04.174, ubuntu22-d, mtd-zk-2, 0.192807
EXP-LEAD, 2023-07-18T16:17:05.868, ubuntu22-d, mtd-zk-2, START
EXP-LEAD, 2023-07-18T16:17:13.394, ubuntu22-d, mtd-zk-2, END
EXP-LOAD, 2023-07-18T16:17:14.450, ubuntu22-d, mtd-zk-2, 0.192807
EXP-LEAD, 2023-07-18T16:17:15.477, ubuntu22-d, mtd-zk-2, START
EXP-LEAD, 2023-07-18T16:17:20.957, ubuntu22-d, mtd-zk-2, END
EXP-LOAD, 2023-07-18T16:17:22.038, ubuntu22-d, mtd-zk-2, 0.146642
EXP-LEAD, 2023-07-18T16:17:23.704, ubuntu22-d, mtd-zk-2, START
EXP-LEAD, 2023-07-18T16:17:30.363, ubuntu22-d, mtd-zk-2, END
EXP-LOAD, 2023-07-18T16:17:31.455, ubuntu22-d, mtd-zk-2, 0.146642
EXP-LEAD, 2023-07-18T16:17:31.834, ubuntu22-d, mtd-zk-2, START
EXP-LEAD, 2023-07-18T16:17:36.269, ubuntu22-d, mtd-zk-2, END
EXP-LOAD, 2023-07-18T16:17:37.342, ubuntu22-d, mtd-zk-2, 0.160688
EXP-LEAD, 2023-07-18T16:17:39.369, ubuntu22-d, mtd-zk-2, START
EXP-LEAD, 2023-07-18T16:17:44.818, ubuntu22-d, mtd-zk-2, END
EXP-LOAD, 2023-07-18T16:17:45.898, ubuntu22-d, mtd-zk-2, 0.160688
EXP-LOAD, 2023-07-18T16:17:53.597, ubuntu22-d, mtd-zk-2, 0.232612
EXP-LOAD, 2023-07-18T16:18:04.725, ubuntu22-d, mtd-zk-2, 0.176442
EXP-LOAD, 2023-07-18T16:18:11.814, ubuntu22-d, mtd-zk-2, 0.176442
EXP-LOAD, 2023-07-18T16:18:22.511, ubuntu22-d, mtd-zk-2, 0.157436
EXP-LEAD, 2023-07-18T16:18:24.537, ubuntu22-d, mtd-zk-2, START
EXP-LEAD, 2023-07-18T16:18:30.054, ubuntu22-d, mtd-zk-2, END
EXP-LOAD, 2023-07-18T16:18:31.122, ubuntu22-d, mtd-zk-2, 0.157436
EXP-LOAD, 2023-07-18T16:18:37.710, ubuntu22-d, mtd-zk-2, 0.171022
EXP-LOAD, 2023-07-18T16:18:48.444, ubuntu22-d, mtd-zk-2, 0.171022
EXP-LOAD, 2023-07-18T16:18:57.511, ubuntu22-d, mtd-zk-2, 0.247011
EXP-LOAD, 2023-07-18T16:19:06.601, ubuntu22-d, mtd-zk-2, 0.149019
EXP-LOAD, 2023-07-18T16:19:15.270, ubuntu22-d, mtd-zk-2, 0.149019
EXP-LEAD, 2023-07-18T16:19:17.041, ubuntu22-d, mtd-zk-2, START
EXP-LEAD, 2023-07-18T16:19:22.562, ubuntu22-d, mtd-zk-2, END
EXP-LOAD, 2023-07-18T16:19:23.639, ubuntu22-d, mtd-zk-2, 0.162810
EXP-LOAD, 2023-07-18T16:19:33.198, ubuntu22-d, mtd-zk-2, 0.162810
EXP-LEAD, 2023-07-18T16:19:34.793, ubuntu22-d, mtd-zk-2, START
EXP-LEAD, 2023-07-18T16:19:40.351, ubuntu22-d, mtd-zk-2, END
EXP-LOAD, 2023-07-18T16:19:41.406, ubuntu22-d, mtd-zk-2, 0.184519
EXP-LOAD, 2023-07-18T16:19:49.953, ubuntu22-d, mtd-zk-2, 0.229041
EXP-LOAD, 2023-07-18T16:20:02.060, ubuntu22-d, mtd-zk-2, 0.229041
EXP-LOAD, 2023-07-18T16:20:10.149, ubuntu22-d, mtd-zk-2, 0.134630
EXP-LEAD, 2023-07-18T16:20:11.181, ubuntu22-d, mtd-zk-2, START
EXP-LEAD, 2023-07-18T16:20:18.870, ubuntu22-d, mtd-zk-2, END
EXP-LOAD, 2023-07-18T16:20:19.928, ubuntu22-d, mtd-zk-2, 0.154415
EXP-LOAD, 2023-07-18T16:20:28.396, ubuntu22-d, mtd-zk-2, 0.154415
EXP-LOAD, 2023-07-18T16:20:39.528, ubuntu22-d, mtd-zk-2, 0.149465
EXP-LEAD, 2023-07-18T16:20:41.327, ubuntu22-d, mtd-zk-2, START
EXP-LEAD, 2023-07-18T16:20:46.851, ubuntu22-d, mtd-zk-2, END
EXP-LOAD, 2023-07-18T16:20:47.890, ubuntu22-d, mtd-zk-2, 0.149465
EXP-LOAD, 2023-07-18T16:20:57.516, ubuntu22-d, mtd-zk-2, 0.151022
EXP-LEAD, 2023-07-18T16:20:59.561, ubuntu22-d, mtd-zk-2, START
EXP-LEAD, 2023-07-18T16:21:03.964, ubuntu22-d, mtd-zk-2, END
EXP-LOAD, 2023-07-18T16:21:04.994, ubuntu22-d, mtd-zk-2, 0.212412
EXP-LOAD, 2023-07-18T16:21:16.100, ubuntu22-d, mtd-zk-2, 0.212412
EXP-LEAD, 2023-07-18T16:21:17.131, ubuntu22-d, mtd-zk-2, START
EXP-LEAD, 2023-07-18T16:21:22.568, ubuntu22-d, mtd-zk-2, END
EXP-LOAD, 2023-07-18T16:21:23.605, ubuntu22-d, mtd-zk-2, 0.089213
EXP-LOAD, 2023-07-18T16:21:34.293, ubuntu22-d, mtd-zk-2, 0.109745
EXP-LEAD, 2023-07-18T16:21:35.907, ubuntu22-d, mtd-zk-2, START
EXP-LEAD, 2023-07-18T16:21:41.378, ubuntu22-d, mtd-zk-2, END
EXP-LOAD, 2023-07-18T16:21:42.433, ubuntu22-d, mtd-zk-2, 0.109745
EXP-LEAD, 2023-07-18T16:21:44.020, ubuntu22-d, mtd-zk-2, START
EXP-LEAD, 2023-07-18T16:21:49.493, ubuntu22-d, mtd-zk-2, END
EXP-LOAD, 2023-07-18T16:21:50.546, ubuntu22-d, mtd-zk-2, 0.240413
EXP-LOAD, 2023-07-18T16:21:57.662, ubuntu22-d, mtd-zk-2, 0.240413
EXP-LEAD, 2023-07-18T16:21:58.676, ubuntu22-d, mtd-zk-2, START
EXP-LEAD, 2023-07-18T16:22:06.218, ubuntu22-d, mtd-zk-2, END
EXP-LOAD, 2023-07-18T16:22:07.289, ubuntu22-d, mtd-zk-2, 0.208511
EXP-LOAD, 2023-07-18T16:22:14.850, ubuntu22-d, mtd-zk-2, 0.208511
EXP-LEAD, 2023-07-18T16:22:15.905, ubuntu22-d, mtd-zk-2, START
EXP-LEAD, 2023-07-18T16:22:23.427, ubuntu22-d, mtd-zk-2, END
EXP-LOAD, 2023-07-18T16:22:24.464, ubuntu22-d, mtd-zk-2, 0.163890
EXP-LOAD, 2023-07-18T16:22:32.054, ubuntu22-d, mtd-zk-2, 0.163890
EXP-LOAD, 2023-07-18T16:22:40.327, ubuntu22-d, mtd-zk-2, 0.115615
EXP-LOAD, 2023-07-18T16:22:46.489, ubuntu22-d, mtd-zk-2, 0.115615
EXP-LOAD, 2023-07-18T16:22:54.579, ubuntu22-d, mtd-zk-2, 0.228434
EXP-LEAD, 2023-07-18T16:22:55.620, ubuntu22-d, mtd-zk-2, START
EXP-LEAD, 2023-07-18T16:23:05.346, ubuntu22-d, mtd-zk-2, END
EXP-LOAD, 2023-07-18T16:23:06.393, ubuntu22-d, mtd-zk-2, 0.179717
EXP-LEAD, 2023-07-18T16:23:08.759, ubuntu22-d, mtd-zk-2, START
EXP-LEAD, 2023-07-18T16:23:13.226, ubuntu22-d, mtd-zk-2, END
EXP-LOAD, 2023-07-18T16:23:14.267, ubuntu22-d, mtd-zk-2, 0.179717
EXP-LOAD, 2023-07-18T16:23:25.917, ubuntu22-d, mtd-zk-2, 0.241054
EXP-LOAD, 2023-07-18T16:23:34.034, ubuntu22-d, mtd-zk-2, 0.203212
EXP-LEAD, 2023-07-18T16:23:35.075, ubuntu22-d, mtd-zk-2, START
EXP-LEAD, 2023-07-18T16:23:39.620, ubuntu22-d, mtd-zk-2, END
EXP-LOAD, 2023-07-18T16:23:40.713, ubuntu22-d, mtd-zk-2, 0.203212
EXP-LOAD, 2023-07-18T16:23:50.857, ubuntu22-d, mtd-zk-2, 0.209612
EXP-LEAD, 2023-07-18T16:23:53.840, ubuntu22-d, mtd-zk-2, START
EXP-LEAD, 2023-07-18T16:23:58.321, ubuntu22-d, mtd-zk-2, END
EXP-LOAD, 2023-07-18T16:23:59.360, ubuntu22-d, mtd-zk-2, 0.209612
EXP-LOAD, 2023-07-18T16:24:09.068, ubuntu22-d, mtd-zk-2, 0.175365
EXP-LOAD, 2023-07-18T16:24:15.592, ubuntu22-d, mtd-zk-2, 0.175365
EXP-LOAD, 2023-07-18T16:24:22.282, ubuntu22-d, mtd-zk-2, 0.156012
EXP-LOAD, 2023-07-18T16:24:32.992, ubuntu22-d, mtd-zk-2, 0.156012
EXP-LOAD, 2023-07-18T16:24:41.092, ubuntu22-d, mtd-zk-2, 0.157535
EXP-LOAD, 2023-07-18T16:24:49.181, ubuntu22-d, mtd-zk-2, 0.145427
EXP-LOAD, 2023-07-18T16:24:56.297, ubuntu22-d, mtd-zk-2, 0.145427
EXP-LOAD, 2023-07-18T16:25:06.025, ubuntu22-d, mtd-zk-2, 0.198130
EXP-LOAD, 2023-07-18T16:25:13.145, ubuntu22-d, mtd-zk-2, 0.198130
EXP-LOAD, 2023-07-18T16:25:23.307, ubuntu22-d, mtd-zk-2, 0.149413
EXP-LOAD, 2023-07-18T16:25:31.388, ubuntu22-d, mtd-zk-2, 0.149413
EXP-LOAD, 2023-07-18T16:25:41.564, ubuntu22-d, mtd-zk-2, 0.181017
EXP-LOAD, 2023-07-18T16:25:48.656, ubuntu22-d, mtd-zk-2, 0.181017
EXP-LOAD, 2023-07-18T16:25:54.761, ubuntu22-d, mtd-zk-2, 0.129635
EXP-LOAD, 2023-07-18T16:26:05.863, ubuntu22-d, mtd-zk-2, 0.221421
EXP-LEAD, 2023-07-18T16:26:06.890, ubuntu22-d, mtd-zk-2, START
EXP-LEAD, 2023-07-18T16:26:12.433, ubuntu22-d, mtd-zk-2, END
EXP-LOAD, 2023-07-18T16:26:13.476, ubuntu22-d, mtd-zk-2, 0.221421
EXP-LOAD, 2023-07-18T16:26:21.119, ubuntu22-d, mtd-zk-2, 0.186631
EXP-LOAD, 2023-07-18T16:26:32.080, ubuntu22-d, mtd-zk-2, 0.186631
EXP-LEAD, 2023-07-18T16:26:32.116, ubuntu22-d, mtd-zk-2, START
EXP-LEAD, 2023-07-18T16:26:36.531, ubuntu22-d, mtd-zk-2, END
EXP-LOAD, 2023-07-18T16:26:37.606, ubuntu22-d, mtd-zk-2, 0.147820
EXP-LEAD, 2023-07-18T16:26:39.220, ubuntu22-d, mtd-zk-2, START
EXP-LEAD, 2023-07-18T16:26:46.805, ubuntu22-d, mtd-zk-2, END
EXP-LOAD, 2023-07-18T16:26:47.848, ubuntu22-d, mtd-zk-2, 0.147820
EXP-LEAD, 2023-07-18T16:26:49.325, ubuntu22-d, mtd-zk-2, START
EXP-LEAD, 2023-07-18T16:26:54.789, ubuntu22-d, mtd-zk-2, END
EXP-LOAD, 2023-07-18T16:26:55.848, ubuntu22-d, mtd-zk-2, 0.151873
EXP-LOAD, 2023-07-18T16:27:08.548, ubuntu22-d, mtd-zk-2, 0.204024
EXP-LEAD, 2023-07-18T16:27:09.584, ubuntu22-d, mtd-zk-2, START
EXP-LEAD, 2023-07-18T16:27:14.033, ubuntu22-d, mtd-zk-2, END
EXP-LOAD, 2023-07-18T16:27:15.074, ubuntu22-d, mtd-zk-2, 0.204024
EXP-LEAD, 2023-07-18T16:27:16.727, ubuntu22-d, mtd-zk-2, START
EXP-LEAD, 2023-07-18T16:27:21.238, ubuntu22-d, mtd-zk-2, END
EXP-LOAD, 2023-07-18T16:27:22.279, ubuntu22-d, mtd-zk-2, 0.148387
EXP-LOAD, 2023-07-18T16:27:32.905, ubuntu22-d, mtd-zk-2, 0.148387
EXP-LEAD, 2023-07-18T16:27:34.943, ubuntu22-d, mtd-zk-2, START
EXP-LEAD, 2023-07-18T16:27:41.493, ubuntu22-d, mtd-zk-2, END
EXP-LOAD, 2023-07-18T16:27:42.532, ubuntu22-d, mtd-zk-2, 0.185827
EXP-LEAD, 2023-07-18T16:27:44.043, ubuntu22-d, mtd-zk-2, START
EXP-LEAD, 2023-07-18T16:27:50.574, ubuntu22-d, mtd-zk-2, END
EXP-LOAD, 2023-07-18T16:27:51.632, ubuntu22-d, mtd-zk-2, 0.109427
EXP-LEAD, 2023-07-18T16:27:52.661, ubuntu22-d, mtd-zk-2, START
EXP-LEAD, 2023-07-18T16:28:01.180, ubuntu22-d, mtd-zk-2, END
EXP-LOAD, 2023-07-18T16:28:02.223, ubuntu22-d, mtd-zk-2, 0.109427
EXP-LEAD, 2023-07-18T16:28:03.762, ubuntu22-d, mtd-zk-2, START
EXP-LEAD, 2023-07-18T16:28:08.271, ubuntu22-d, mtd-zk-2, END
EXP-LOAD, 2023-07-18T16:28:09.319, ubuntu22-d, mtd-zk-2, 0.191720
EXP-LOAD, 2023-07-18T16:28:20.936, ubuntu22-d, mtd-zk-2, 0.244427
EXP-LOAD, 2023-07-18T16:28:28.529, ubuntu22-d, mtd-zk-2, 0.244427
EXP-LEAD, 2023-07-18T16:28:29.561, ubuntu22-d, mtd-zk-2, START
EXP-LEAD, 2023-07-18T16:28:35.095, ubuntu22-d, mtd-zk-2, END
EXP-LOAD, 2023-07-18T16:28:36.193, ubuntu22-d, mtd-zk-2, 0.158249
EXP-LEAD, 2023-07-18T16:28:37.667, ubuntu22-d, mtd-zk-2, START
EXP-LEAD, 2023-07-18T16:28:42.093, ubuntu22-d, mtd-zk-2, END
EXP-LOAD, 2023-07-18T16:28:43.139, ubuntu22-d, mtd-zk-2, 0.158249
EXP-LOAD, 2023-07-18T16:28:50.262, ubuntu22-d, mtd-zk-2, 0.169021
EXP-LEAD, 2023-07-18T16:28:51.283, ubuntu22-d, mtd-zk-2, START
EXP-LEAD, 2023-07-18T16:28:59.806, ubuntu22-d, mtd-zk-2, END
EXP-LOAD, 2023-07-18T16:29:00.887, ubuntu22-d, mtd-zk-2, 0.169021
EXP-LOAD, 2023-07-18T16:29:06.478, ubuntu22-d, mtd-zk-2, 0.207831
EXP-LOAD, 2023-07-18T16:29:17.422, ubuntu22-d, mtd-zk-2, 0.207831
EXP-LOAD, 2023-07-18T16:29:25.488, ubuntu22-d, mtd-zk-2, 0.132810
EXP-LOAD, 2023-07-18T16:29:35.624, ubuntu22-d, mtd-zk-2, 0.155528
EXP-LOAD, 2023-07-18T16:29:41.773, ubuntu22-d, mtd-zk-2, 0.155528
EXP-LEAD, 2023-07-18T16:29:43.733, ubuntu22-d, mtd-zk-2, START
EXP-LEAD, 2023-07-18T16:29:49.270, ubuntu22-d, mtd-zk-2, END
EXP-LOAD, 2023-07-18T16:29:50.320, ubuntu22-d, mtd-zk-2, 0.270218
EXP-LEAD, 2023-07-18T16:29:52.894, ubuntu22-d, mtd-zk-2, START
EXP-LEAD, 2023-07-18T16:29:58.470, ubuntu22-d, mtd-zk-2, END
EXP-LOAD, 2023-07-18T16:29:59.530, ubuntu22-d, mtd-zk-2, 0.270218
EXP-LOAD, 2023-07-18T16:30:11.089, ubuntu22-d, mtd-zk-2, 0.218751
EXP-LEAD, 2023-07-18T16:30:12.642, ubuntu22-d, mtd-zk-2, START
EXP-LEAD, 2023-07-18T16:30:20.417, ubuntu22-d, mtd-zk-2, END
EXP-LOAD, 2023-07-18T16:30:21.506, ubuntu22-d, mtd-zk-2, 0.151635
EXP-LOAD, 2023-07-18T16:30:32.819, ubuntu22-d, mtd-zk-2, 0.151635
EXP-LOAD, 2023-07-18T16:30:41.965, ubuntu22-d, mtd-zk-2, 0.108047
EXP-LEAD, 2023-07-18T16:30:42.987, ubuntu22-d, mtd-zk-2, START
EXP-LEAD, 2023-07-18T16:30:50.454, ubuntu22-d, mtd-zk-2, END
EXP-LOAD, 2023-07-18T16:30:51.521, ubuntu22-d, mtd-zk-2, 0.212230
EXP-LOAD, 2023-07-18T16:31:01.212, ubuntu22-d, mtd-zk-2, 0.212230
EXP-LOAD, 2023-07-18T16:31:08.310, ubuntu22-d, mtd-zk-2, 0.169135
EXP-LEAD, 2023-07-18T16:31:09.788, ubuntu22-d, mtd-zk-2, START
EXP-LEAD, 2023-07-18T16:31:17.340, ubuntu22-d, mtd-zk-2, END
EXP-LOAD, 2023-07-18T16:31:18.416, ubuntu22-d, mtd-zk-2, 0.169135
EXP-LOAD, 2023-07-18T16:31:25.953, ubuntu22-d, mtd-zk-2, 0.178434
EXP-LOAD, 2023-07-18T16:31:33.072, ubuntu22-d, mtd-zk-2, 0.178434
EXP-LOAD, 2023-07-18T16:31:43.532, ubuntu22-d, mtd-zk-2, 0.200537
EXP-LOAD, 2023-07-18T16:31:50.603, ubuntu22-d, mtd-zk-2, 0.149235
EXP-LEAD, 2023-07-18T16:31:50.650, ubuntu22-d, mtd-zk-2, START
EXP-LEAD, 2023-07-18T16:31:59.225, ubuntu22-d, mtd-zk-2, END
EXP-LOAD, 2023-07-18T16:32:00.283, ubuntu22-d, mtd-zk-2, 0.149235
EXP-LOAD, 2023-07-18T16:32:07.824, ubuntu22-d, mtd-zk-2, 0.140023
EXP-LOAD, 2023-07-18T16:32:13.967, ubuntu22-d, mtd-zk-2, 0.140023
EXP-LOAD, 2023-07-18T16:32:21.535, ubuntu22-d, mtd-zk-2, 0.179636
EXP-LOAD, 2023-07-18T16:32:33.085, ubuntu22-d, mtd-zk-2, 0.179636
EXP-LEAD, 2023-07-18T16:32:35.121, ubuntu22-d, mtd-zk-2, START
EXP-LEAD, 2023-07-18T16:32:39.570, ubuntu22-d, mtd-zk-2, END
EXP-LOAD, 2023-07-18T16:32:40.623, ubuntu22-d, mtd-zk-2, 0.146732
EXP-LOAD, 2023-07-18T16:32:51.299, ubuntu22-d, mtd-zk-2, 0.185052
EXP-LEAD, 2023-07-18T16:32:52.331, ubuntu22-d, mtd-zk-2, START
EXP-LEAD, 2023-07-18T16:32:56.816, ubuntu22-d, mtd-zk-2, END
EXP-LOAD, 2023-07-18T16:32:57.870, ubuntu22-d, mtd-zk-2, 0.185052
EXP-LEAD, 2023-07-18T16:32:59.424, ubuntu22-d, mtd-zk-2, START
EXP-LEAD, 2023-07-18T16:33:07.993, ubuntu22-d, mtd-zk-2, END
EXP-LOAD, 2023-07-18T16:33:09.071, ubuntu22-d, mtd-zk-2, 0.202971
EXP-LOAD, 2023-07-18T16:33:16.603, ubuntu22-d, mtd-zk-2, 0.202971
EXP-LOAD, 2023-07-18T16:33:27.810, ubuntu22-d, mtd-zk-2, 0.164628
EXP-LOAD, 2023-07-18T16:33:34.917, ubuntu22-d, mtd-zk-2, 0.150634
EXP-LOAD, 2023-07-18T16:33:45.078, ubuntu22-d, mtd-zk-2, 0.150634
EXP-LOAD, 2023-07-18T16:33:52.140, ubuntu22-d, mtd-zk-2, 0.130520
EXP-LOAD, 2023-07-18T16:34:02.254, ubuntu22-d, mtd-zk-2, 0.130520
EXP-LOAD, 2023-07-18T16:34:09.364, ubuntu22-d, mtd-zk-2, 0.326440
EXP-LEAD, 2023-07-18T16:34:10.411, ubuntu22-d, mtd-zk-2, START
EXP-LEAD, 2023-07-18T16:34:14.990, ubuntu22-d, mtd-zk-2, END
EXP-LOAD, 2023-07-18T16:34:16.051, ubuntu22-d, mtd-zk-2, 0.326440
EXP-LEAD, 2023-07-18T16:34:17.509, ubuntu22-d, mtd-zk-2, START
EXP-LEAD, 2023-07-18T16:34:22.962, ubuntu22-d, mtd-zk-2, END
EXP-LOAD, 2023-07-18T16:34:24.019, ubuntu22-d, mtd-zk-2, 0.187643
EXP-LOAD, 2023-07-18T16:34:30.699, ubuntu22-d, mtd-zk-2, 0.187643
EXP-LEAD, 2023-07-18T16:34:32.175, ubuntu22-d, mtd-zk-2, START
EXP-LEAD, 2023-07-18T16:34:37.629, ubuntu22-d, mtd-zk-2, END
EXP-LOAD, 2023-07-18T16:34:38.674, ubuntu22-d, mtd-zk-2, 0.184436
EXP-LEAD, 2023-07-18T16:34:41.262, ubuntu22-d, mtd-zk-2, START
EXP-LEAD, 2023-07-18T16:34:48.804, ubuntu22-d, mtd-zk-2, END
EXP-LOAD, 2023-07-18T16:34:49.881, ubuntu22-d, mtd-zk-2, 0.211533
EXP-LOAD, 2023-07-18T16:34:57.454, ubuntu22-d, mtd-zk-2, 0.211533
EXP-LOAD, 2023-07-18T16:35:03.558, ubuntu22-d, mtd-zk-2, 0.211533
EXP-LOAD, 2023-07-18T16:35:09.647, ubuntu22-d, mtd-zk-2, 0.130037
EXP-LEAD, 2023-07-18T16:35:11.430, ubuntu22-d, mtd-zk-2, START
EXP-LEAD, 2023-07-18T16:35:19.224, ubuntu22-d, mtd-zk-2, END
EXP-LOAD, 2023-07-18T16:35:20.281, ubuntu22-d, mtd-zk-2, 0.240941
EXP-LOAD, 2023-07-18T16:35:27.762, ubuntu22-d, mtd-zk-2, 0.240941
EXP-LEAD, 2023-07-18T16:35:29.771, ubuntu22-d, mtd-zk-2, START
EXP-LEAD, 2023-07-18T16:35:39.290, ubuntu22-d, mtd-zk-2, END
EXP-LOAD, 2023-07-18T16:35:40.337, ubuntu22-d, mtd-zk-2, 0.225425
EXP-LOAD, 2023-07-18T16:35:48.430, ubuntu22-d, mtd-zk-2, 0.225425
EXP-LOAD, 2023-07-18T16:35:57.518, ubuntu22-d, mtd-zk-2, 0.168135
EXP-LEAD, 2023-07-18T16:35:59.544, ubuntu22-d, mtd-zk-2, START
EXP-LEAD, 2023-07-18T16:36:07.189, ubuntu22-d, mtd-zk-2, END
EXP-LOAD, 2023-07-18T16:36:08.247, ubuntu22-d, mtd-zk-2, 0.163217
EXP-LEAD, 2023-07-18T16:36:09.639, ubuntu22-d, mtd-zk-2, START
EXP-LEAD, 2023-07-18T16:36:15.061, ubuntu22-d, mtd-zk-2, END
EXP-LOAD, 2023-07-18T16:36:16.101, ubuntu22-d, mtd-zk-2, 0.163217
EXP-LEAD, 2023-07-18T16:36:17.725, ubuntu22-d, mtd-zk-2, START
EXP-LEAD, 2023-07-18T16:36:22.279, ubuntu22-d, mtd-zk-2, END
EXP-LOAD, 2023-07-18T16:36:23.363, ubuntu22-d, mtd-zk-2, 0.194749
EXP-LOAD, 2023-07-18T16:36:33.479, ubuntu22-d, mtd-zk-2, 0.194749
EXP-LOAD, 2023-07-18T16:36:40.566, ubuntu22-d, mtd-zk-2, 0.194622
EXP-LOAD, 2023-07-18T16:36:47.666, ubuntu22-d, mtd-zk-2, 0.194622
EXP-LEAD, 2023-07-18T16:36:49.279, ubuntu22-d, mtd-zk-2, START
EXP-LEAD, 2023-07-18T16:36:53.668, ubuntu22-d, mtd-zk-2, END
EXP-LOAD, 2023-07-18T16:36:54.707, ubuntu22-d, mtd-zk-2, 0.124825
EXP-LOAD, 2023-07-18T16:37:02.435, ubuntu22-d, mtd-zk-2, 0.124825
EXP-LOAD, 2023-07-18T16:37:12.116, ubuntu22-d, mtd-zk-2, 0.254022
EXP-LEAD, 2023-07-18T16:37:13.665, ubuntu22-d, mtd-zk-2, START
EXP-LEAD, 2023-07-18T16:37:18.110, ubuntu22-d, mtd-zk-2, END
EXP-LOAD, 2023-07-18T16:37:19.170, ubuntu22-d, mtd-zk-2, 0.202122
EXP-LOAD, 2023-07-18T16:37:27.814, ubuntu22-d, mtd-zk-2, 0.202122
EXP-LOAD, 2023-07-18T16:37:37.924, ubuntu22-d, mtd-zk-2, 0.168571
EXP-LOAD, 2023-07-18T16:37:46.041, ubuntu22-d, mtd-zk-2, 0.168571
EXP-LEAD, 2023-07-18T16:37:47.070, ubuntu22-d, mtd-zk-2, START
EXP-LEAD, 2023-07-18T16:37:53.637, ubuntu22-d, mtd-zk-2, END
EXP-LOAD, 2023-07-18T16:37:54.684, ubuntu22-d, mtd-zk-2, 0.115140
EXP-LOAD, 2023-07-18T16:38:07.274, ubuntu22-d, mtd-zk-2, 0.216812
EXP-LOAD, 2023-07-18T16:38:14.342, ubuntu22-d, mtd-zk-2, 0.216812
EXP-LOAD, 2023-07-18T16:38:24.453, ubuntu22-d, mtd-zk-2, 0.131413
EXP-LOAD, 2023-07-18T16:38:30.559, ubuntu22-d, mtd-zk-2, 0.131413
EXP-LEAD, 2023-07-18T16:38:32.613, ubuntu22-d, mtd-zk-2, START
EXP-LEAD, 2023-07-18T16:38:37.098, ubuntu22-d, mtd-zk-2, END
EXP-LOAD, 2023-07-18T16:38:38.167, ubuntu22-d, mtd-zk-2, 0.098832
EXP-LOAD, 2023-07-18T16:38:50.272, ubuntu22-d, mtd-zk-2, 0.181520
EXP-LOAD, 2023-07-18T16:38:58.364, ubuntu22-d, mtd-zk-2, 0.181520
EXP-LEAD, 2023-07-18T16:38:59.402, ubuntu22-d, mtd-zk-2, START
EXP-LEAD, 2023-07-18T16:39:06.952, ubuntu22-d, mtd-zk-2, END
EXP-LOAD, 2023-07-18T16:39:08.065, ubuntu22-d, mtd-zk-2, 0.163643
EXP-LOAD, 2023-07-18T16:39:14.562, ubuntu22-d, mtd-zk-2, 0.163643
EXP-LEAD, 2023-07-18T16:39:17.576, ubuntu22-d, mtd-zk-2, START
EXP-LEAD, 2023-07-18T16:39:25.131, ubuntu22-d, mtd-zk-2, END
EXP-LOAD, 2023-07-18T16:39:26.183, ubuntu22-d, mtd-zk-2, 0.176919
EXP-LEAD, 2023-07-18T16:39:27.693, ubuntu22-d, mtd-zk-2, START
EXP-LEAD, 2023-07-18T16:39:33.121, ubuntu22-d, mtd-zk-2, END
EXP-LOAD, 2023-07-18T16:39:34.182, ubuntu22-d, mtd-zk-2, 0.099016
EXP-LOAD, 2023-07-18T16:39:45.883, ubuntu22-d, mtd-zk-2, 0.099016
EXP-LOAD, 2023-07-18T16:39:51.955, ubuntu22-d, mtd-zk-2, 0.111709
EXP-LOAD, 2023-07-18T16:40:02.628, ubuntu22-d, mtd-zk-2, 0.111709
EXP-LEAD, 2023-07-18T16:40:03.654, ubuntu22-d, mtd-zk-2, START
EXP-LEAD, 2023-07-18T16:40:09.173, ubuntu22-d, mtd-zk-2, END
EXP-LOAD, 2023-07-18T16:40:10.222, ubuntu22-d, mtd-zk-2, 0.134015
EXP-LOAD, 2023-07-18T16:40:18.808, ubuntu22-d, mtd-zk-2, 0.134015
EXP-LOAD, 2023-07-18T16:40:25.894, ubuntu22-d, mtd-zk-2, 0.152126
EXP-LOAD, 2023-07-18T16:40:35.534, ubuntu22-d, mtd-zk-2, 0.221250
EXP-LEAD, 2023-07-18T16:40:37.570, ubuntu22-d, mtd-zk-2, START
EXP-LEAD, 2023-07-18T16:40:43.034, ubuntu22-d, mtd-zk-2, END
EXP-LOAD, 2023-07-18T16:40:44.096, ubuntu22-d, mtd-zk-2, 0.221250
EXP-LEAD, 2023-07-18T16:40:45.709, ubuntu22-d, mtd-zk-2, START
EXP-LEAD, 2023-07-18T16:40:51.170, ubuntu22-d, mtd-zk-2, END
EXP-LOAD, 2023-07-18T16:40:52.240, ubuntu22-d, mtd-zk-2, 0.177419
EXP-LOAD, 2023-07-18T16:40:59.850, ubuntu22-d, mtd-zk-2, 0.177419
EXP-LOAD, 2023-07-18T16:41:07.423, ubuntu22-d, mtd-zk-2, 0.191853
EXP-LEAD, 2023-07-18T16:41:08.458, ubuntu22-d, mtd-zk-2, START
EXP-LEAD, 2023-07-18T16:41:13.981, ubuntu22-d, mtd-zk-2, END
EXP-LOAD, 2023-07-18T16:41:15.023, ubuntu22-d, mtd-zk-2, 0.191853
EXP-LEAD, 2023-07-18T16:41:17.053, ubuntu22-d, mtd-zk-2, START
EXP-LEAD, 2023-07-18T16:41:22.482, ubuntu22-d, mtd-zk-2, END
EXP-LOAD, 2023-07-18T16:41:23.568, ubuntu22-d, mtd-zk-2, 0.233241
EXP-LOAD, 2023-07-18T16:41:33.706, ubuntu22-d, mtd-zk-2, 0.233241
EXP-LOAD, 2023-07-18T16:41:39.812, ubuntu22-d, mtd-zk-2, 0.176647
EXP-LOAD, 2023-07-18T16:41:49.915, ubuntu22-d, mtd-zk-2, 0.157229
EXP-LEAD, 2023-07-18T16:41:52.528, ubuntu22-d, mtd-zk-2, START
EXP-LEAD, 2023-07-18T16:41:56.969, ubuntu22-d, mtd-zk-2, END
EXP-LOAD, 2023-07-18T16:41:58.022, ubuntu22-d, mtd-zk-2, 0.157229
EXP-LEAD, 2023-07-18T16:41:59.638, ubuntu22-d, mtd-zk-2, START
EXP-LEAD, 2023-07-18T16:42:04.059, ubuntu22-d, mtd-zk-2, END
EXP-LOAD, 2023-07-18T16:42:05.142, ubuntu22-d, mtd-zk-2, 0.242615
EXP-LOAD, 2023-07-18T16:42:15.590, ubuntu22-d, mtd-zk-2, 0.242615
EXP-LEAD, 2023-07-18T16:42:16.620, ubuntu22-d, mtd-zk-2, START
EXP-LEAD, 2023-07-18T16:42:24.149, ubuntu22-d, mtd-zk-2, END
EXP-LOAD, 2023-07-18T16:42:25.196, ubuntu22-d, mtd-zk-2, 0.383917
EXP-LOAD, 2023-07-18T16:42:31.301, ubuntu22-d, mtd-zk-2, 0.383917
EXP-LEAD, 2023-07-18T16:42:33.331, ubuntu22-d, mtd-zk-2, START
EXP-LEAD, 2023-07-18T16:42:39.204, ubuntu22-d, mtd-zk-2, END
EXP-LOAD, 2023-07-18T16:42:40.253, ubuntu22-d, mtd-zk-2, 0.173605
EXP-LOAD, 2023-07-18T16:42:48.332, ubuntu22-d, mtd-zk-2, 0.173605
EXP-LOAD, 2023-07-18T16:42:54.915, ubuntu22-d, mtd-zk-2, 0.177630
EXP-LEAD, 2023-07-18T16:42:56.947, ubuntu22-d, mtd-zk-2, START
EXP-LEAD, 2023-07-18T16:43:02.689, ubuntu22-d, mtd-zk-2, END
EXP-LOAD, 2023-07-18T16:43:03.739, ubuntu22-d, mtd-zk-2, 0.177630
EXP-LOAD, 2023-07-18T16:43:11.105, ubuntu22-d, mtd-zk-2, 0.192421
EXP-LEAD, 2023-07-18T16:43:12.130, ubuntu22-d, mtd-zk-2, START
EXP-LEAD, 2023-07-18T16:43:20.730, ubuntu22-d, mtd-zk-2, END
EXP-LOAD, 2023-07-18T16:43:21.794, ubuntu22-d, mtd-zk-2, 0.227821
EXP-LOAD, 2023-07-18T16:43:30.267, ubuntu22-d, mtd-zk-2, 0.227821
EXP-LOAD, 2023-07-18T16:43:37.368, ubuntu22-d, mtd-zk-2, 0.214017
EXP-LEAD, 2023-07-18T16:43:39.380, ubuntu22-d, mtd-zk-2, START
EXP-LEAD, 2023-07-18T16:43:46.854, ubuntu22-d, mtd-zk-2, END
EXP-LOAD, 2023-07-18T16:43:47.926, ubuntu22-d, mtd-zk-2, 0.214017
EXP-LEAD, 2023-07-18T16:43:48.950, ubuntu22-d, mtd-zk-2, START
EXP-LEAD, 2023-07-18T16:43:54.430, ubuntu22-d, mtd-zk-2, END
EXP-LOAD, 2023-07-18T16:43:55.486, ubuntu22-d, mtd-zk-2, 0.201262
EXP-LEAD, 2023-07-18T16:43:57.060, ubuntu22-d, mtd-zk-2, START
EXP-LEAD, 2023-07-18T16:44:03.792, ubuntu22-d, mtd-zk-2, END
EXP-LOAD, 2023-07-18T16:44:04.831, ubuntu22-d, mtd-zk-2, 0.119342
EXP-LEAD, 2023-07-18T16:44:07.166, ubuntu22-d, mtd-zk-2, START
EXP-LEAD, 2023-07-18T16:44:12.635, ubuntu22-d, mtd-zk-2, END
EXP-LOAD, 2023-07-18T16:44:13.695, ubuntu22-d, mtd-zk-2, 0.119342
EXP-LEAD, 2023-07-18T16:44:15.291, ubuntu22-d, mtd-zk-2, START
EXP-LEAD, 2023-07-18T16:44:19.832, ubuntu22-d, mtd-zk-2, END
EXP-LOAD, 2023-07-18T16:44:20.898, ubuntu22-d, mtd-zk-2, 0.170835
EXP-LOAD, 2023-07-18T16:44:27.997, ubuntu22-d, mtd-zk-2, 0.170835
EXP-LOAD, 2023-07-18T16:44:36.102, ubuntu22-d, mtd-zk-2, 0.243128
EXP-LOAD, 2023-07-18T16:44:42.630, ubuntu22-d, mtd-zk-2, 0.243128
EXP-LOAD, 2023-07-18T16:44:49.228, ubuntu22-d, mtd-zk-2, 0.196252
EXP-LOAD, 2023-07-18T16:44:59.349, ubuntu22-d, mtd-zk-2, 0.196252
EXP-LOAD, 2023-07-18T16:45:07.453, ubuntu22-d, mtd-zk-2, 0.220421
EXP-LOAD, 2023-07-18T16:45:19.600, ubuntu22-d, mtd-zk-2, 0.143832
EXP-LEAD, 2023-07-18T16:45:20.657, ubuntu22-d, mtd-zk-2, START
EXP-LEAD, 2023-07-18T16:45:25.074, ubuntu22-d, mtd-zk-2, END
EXP-LOAD, 2023-07-18T16:45:26.116, ubuntu22-d, mtd-zk-2, 0.143832
EXP-LOAD, 2023-07-18T16:45:41.051, ubuntu22-d, mtd-zk-2, 0.160811
EXP-LOAD, 2023-07-18T16:45:50.140, ubuntu22-d, mtd-zk-2, 0.069214
EXP-LEAD, 2023-07-18T16:45:51.167, ubuntu22-d, mtd-zk-2, START
EXP-LEAD, 2023-07-18T16:45:56.995, ubuntu22-d, mtd-zk-2, END
EXP-LOAD, 2023-07-18T16:45:58.051, ubuntu22-d, mtd-zk-2, 0.069214
EXP-LOAD, 2023-07-18T16:46:05.178, ubuntu22-d, mtd-zk-2, 0.151725
EXP-LEAD, 2023-07-18T16:46:06.216, ubuntu22-d, mtd-zk-2, START
EXP-LEAD, 2023-07-18T16:46:14.751, ubuntu22-d, mtd-zk-2, END
EXP-LOAD, 2023-07-18T16:46:15.807, ubuntu22-d, mtd-zk-2, 0.151725
EXP-LEAD, 2023-07-18T16:46:17.330, ubuntu22-d, mtd-zk-2, START
EXP-LEAD, 2023-07-18T16:46:21.715, ubuntu22-d, mtd-zk-2, END
EXP-LOAD, 2023-07-18T16:46:22.757, ubuntu22-d, mtd-zk-2, 0.154831
EXP-LEAD, 2023-07-18T16:46:23.428, ubuntu22-d, mtd-zk-2, START
EXP-LEAD, 2023-07-18T16:46:31.816, ubuntu22-d, mtd-zk-2, END
EXP-LOAD, 2023-07-18T16:46:32.909, ubuntu22-d, mtd-zk-2, 0.154831
EXP-LEAD, 2023-07-18T16:46:33.540, ubuntu22-d, mtd-zk-2, START
EXP-LEAD, 2023-07-18T16:46:40.975, ubuntu22-d, mtd-zk-2, END
EXP-LOAD, 2023-07-18T16:46:42.020, ubuntu22-d, mtd-zk-2, 0.237718
EXP-LEAD, 2023-07-18T16:46:43.042, ubuntu22-d, mtd-zk-2, START
EXP-LEAD, 2023-07-18T16:46:47.471, ubuntu22-d, mtd-zk-2, END
EXP-LOAD, 2023-07-18T16:46:48.519, ubuntu22-d, mtd-zk-2, 0.237718
EXP-LEAD, 2023-07-18T16:46:50.150, ubuntu22-d, mtd-zk-2, START
EXP-LEAD, 2023-07-18T16:46:54.604, ubuntu22-d, mtd-zk-2, END
EXP-LOAD, 2023-07-18T16:46:55.638, ubuntu22-d, mtd-zk-2, 0.182048
EXP-LOAD, 2023-07-18T16:47:03.306, ubuntu22-d, mtd-zk-2, 0.182048
EXP-LOAD, 2023-07-18T16:47:13.413, ubuntu22-d, mtd-zk-2, 0.238522
EXP-LEAD, 2023-07-18T16:47:14.450, ubuntu22-d, mtd-zk-2, START
EXP-LEAD, 2023-07-18T16:47:18.847, ubuntu22-d, mtd-zk-2, END
EXP-LOAD, 2023-07-18T16:47:19.910, ubuntu22-d, mtd-zk-2, 0.088811
EXP-LOAD, 2023-07-18T16:47:27.733, ubuntu22-d, mtd-zk-2, 0.088811
EXP-LOAD, 2023-07-18T16:47:36.777, ubuntu22-d, mtd-zk-2, 0.239025
EXP-LEAD, 2023-07-18T16:47:38.892, ubuntu22-d, mtd-zk-2, START
EXP-LEAD, 2023-07-18T16:47:46.406, ubuntu22-d, mtd-zk-2, END
EXP-LOAD, 2023-07-18T16:47:47.466, ubuntu22-d, mtd-zk-2, 0.239025
EXP-LOAD, 2023-07-18T16:47:56.151, ubuntu22-d, mtd-zk-2, 0.196215
EXP-LOAD, 2023-07-18T16:48:03.310, ubuntu22-d, mtd-zk-2, 0.196215
EXP-LEAD, 2023-07-18T16:48:05.316, ubuntu22-d, mtd-zk-2, START
EXP-LEAD, 2023-07-18T16:48:09.843, ubuntu22-d, mtd-zk-2, END
EXP-LOAD, 2023-07-18T16:48:10.875, ubuntu22-d, mtd-zk-2, 0.153723
EXP-LOAD, 2023-07-18T16:48:17.427, ubuntu22-d, mtd-zk-2, 0.153723
EXP-LOAD, 2023-07-18T16:48:28.542, ubuntu22-d, mtd-zk-2, 0.294614
EXP-LOAD, 2023-07-18T16:48:35.634, ubuntu22-d, mtd-zk-2, 0.179725
EXP-LOAD, 2023-07-18T16:48:42.774, ubuntu22-d, mtd-zk-2, 0.179725
EXP-LEAD, 2023-07-18T16:48:43.806, ubuntu22-d, mtd-zk-2, START
EXP-LEAD, 2023-07-18T16:48:48.299, ubuntu22-d, mtd-zk-2, END
EXP-LOAD, 2023-07-18T16:48:49.335, ubuntu22-d, mtd-zk-2, 0.170822
EXP-LOAD, 2023-07-18T16:49:00.013, ubuntu22-d, mtd-zk-2, 0.170822
EXP-LEAD, 2023-07-18T16:49:01.049, ubuntu22-d, mtd-zk-2, START
EXP-LEAD, 2023-07-18T16:49:05.490, ubuntu22-d, mtd-zk-2, END
EXP-LOAD, 2023-07-18T16:49:06.571, ubuntu22-d, mtd-zk-2, 0.140827
EXP-LOAD, 2023-07-18T16:49:17.703, ubuntu22-d, mtd-zk-2, 0.140827
EXP-LEAD, 2023-07-18T16:49:19.475, ubuntu22-d, mtd-zk-2, START
EXP-LEAD, 2023-07-18T16:49:24.921, ubuntu22-d, mtd-zk-2, END
EXP-LOAD, 2023-07-18T16:49:25.950, ubuntu22-d, mtd-zk-2, 0.086226
EXP-LOAD, 2023-07-18T16:49:33.641, ubuntu22-d, mtd-zk-2, 0.086226
EXP-LOAD, 2023-07-18T16:49:40.761, ubuntu22-d, mtd-zk-2, 0.169012
EXP-LOAD, 2023-07-18T16:49:48.831, ubuntu22-d, mtd-zk-2, 0.169012
EXP-LOAD, 2023-07-18T16:49:57.501, ubuntu22-d, mtd-zk-2, 0.226063
EXP-LEAD, 2023-07-18T16:49:59.058, ubuntu22-d, mtd-zk-2, START
EXP-LEAD, 2023-07-18T16:50:03.534, ubuntu22-d, mtd-zk-2, END
EXP-LOAD, 2023-07-18T16:50:04.584, ubuntu22-d, mtd-zk-2, 0.188618
EXP-LEAD, 2023-07-18T16:50:06.609, ubuntu22-d, mtd-zk-2, START
EXP-LEAD, 2023-07-18T16:50:12.320, ubuntu22-d, mtd-zk-2, END
EXP-LOAD, 2023-07-18T16:50:13.417, ubuntu22-d, mtd-zk-2, 0.188618
EXP-LOAD, 2023-07-18T16:50:20.603, ubuntu22-d, mtd-zk-2, 0.178862
EXP-LOAD, 2023-07-18T16:50:28.407, ubuntu22-d, mtd-zk-2, 0.178862
EXP-LEAD, 2023-07-18T16:50:29.438, ubuntu22-d, mtd-zk-2, START
EXP-LEAD, 2023-07-18T16:50:33.815, ubuntu22-d, mtd-zk-2, END
EXP-LOAD, 2023-07-18T16:50:34.863, ubuntu22-d, mtd-zk-2, 0.206328
EXP-LOAD, 2023-07-18T16:50:45.608, ubuntu22-d, mtd-zk-2, 0.206328
EXP-LEAD, 2023-07-18T16:50:46.636, ubuntu22-d, mtd-zk-2, START
EXP-LEAD, 2023-07-18T16:50:51.072, ubuntu22-d, mtd-zk-2, END
EXP-LOAD, 2023-07-18T16:50:52.140, ubuntu22-d, mtd-zk-2, 0.148030
EXP-LEAD, 2023-07-18T16:50:53.733, ubuntu22-d, mtd-zk-2, START
EXP-LEAD, 2023-07-18T16:51:01.216, ubuntu22-d, mtd-zk-2, END
EXP-LOAD, 2023-07-18T16:51:02.262, ubuntu22-d, mtd-zk-2, 0.148030
EXP-LOAD, 2023-07-18T16:51:10.910, ubuntu22-d, mtd-zk-2, 0.118329
EXP-LOAD, 2023-07-18T16:51:20.000, ubuntu22-d, mtd-zk-2, 0.195419
EXP-LOAD, 2023-07-18T16:51:29.084, ubuntu22-d, mtd-zk-2, 0.195419
EXP-LOAD, 2023-07-18T16:51:36.232, ubuntu22-d, mtd-zk-2, 0.209795
EXP-LEAD, 2023-07-18T16:51:37.720, ubuntu22-d, mtd-zk-2, START
EXP-LEAD, 2023-07-18T16:51:43.215, ubuntu22-d, mtd-zk-2, END
EXP-LOAD, 2023-07-18T16:51:44.255, ubuntu22-d, mtd-zk-2, 0.209795
EXP-LEAD, 2023-07-18T16:51:45.906, ubuntu22-d, mtd-zk-2, START
EXP-LEAD, 2023-07-18T16:51:50.273, ubuntu22-d, mtd-zk-2, END
EXP-LOAD, 2023-07-18T16:51:51.326, ubuntu22-d, mtd-zk-2, 0.269036
EXP-LEAD, 2023-07-18T16:51:51.975, ubuntu22-d, mtd-zk-2, START
EXP-LEAD, 2023-07-18T16:51:57.393, ubuntu22-d, mtd-zk-2, END
EXP-LOAD, 2023-07-18T16:51:58.453, ubuntu22-d, mtd-zk-2, 0.269036
EXP-LOAD, 2023-07-18T16:52:09.551, ubuntu22-d, mtd-zk-2, 0.199527
EXP-LOAD, 2023-07-18T16:52:17.632, ubuntu22-d, mtd-zk-2, 0.199527
EXP-LOAD, 2023-07-18T16:52:24.736, ubuntu22-d, mtd-zk-2, 0.134022
EXP-LOAD, 2023-07-18T16:52:31.839, ubuntu22-d, mtd-zk-2, 0.134022
EXP-LOAD, 2023-07-18T16:52:42.931, ubuntu22-d, mtd-zk-2, 0.188922
EXP-LOAD, 2023-07-18T16:52:50.015, ubuntu22-d, mtd-zk-2, 0.071422
EXP-LEAD, 2023-07-18T16:52:53.646, ubuntu22-d, mtd-zk-2, START
EXP-LEAD, 2023-07-18T16:52:59.147, ubuntu22-d, mtd-zk-2, END
EXP-LOAD, 2023-07-18T16:53:00.194, ubuntu22-d, mtd-zk-2, 0.071422
EXP-LEAD, 2023-07-18T16:53:01.220, ubuntu22-d, mtd-zk-2, START
EXP-LEAD, 2023-07-18T16:53:05.730, ubuntu22-d, mtd-zk-2, END
EXP-LOAD, 2023-07-18T16:53:06.773, ubuntu22-d, mtd-zk-2, 0.242790
EXP-LEAD, 2023-07-18T16:53:09.313, ubuntu22-d, mtd-zk-2, START
EXP-LEAD, 2023-07-18T16:53:13.697, ubuntu22-d, mtd-zk-2, END
EXP-LOAD, 2023-07-18T16:53:14.768, ubuntu22-d, mtd-zk-2, 0.242790
EXP-LEAD, 2023-07-18T16:53:15.788, ubuntu22-d, mtd-zk-2, START
EXP-LEAD, 2023-07-18T16:53:25.378, ubuntu22-d, mtd-zk-2, END
EXP-LOAD, 2023-07-18T16:53:26.416, ubuntu22-d, mtd-zk-2, 0.141019
EXP-LOAD, 2023-07-18T16:53:33.951, ubuntu22-d, mtd-zk-2, 0.141019
EXP-LEAD, 2023-07-18T16:53:34.981, ubuntu22-d, mtd-zk-2, START
EXP-LEAD, 2023-07-18T16:53:40.487, ubuntu22-d, mtd-zk-2, END
EXP-LOAD, 2023-07-18T16:53:41.557, ubuntu22-d, mtd-zk-2, 0.149270
EXP-LOAD, 2023-07-18T16:53:52.144, ubuntu22-d, mtd-zk-2, 0.206395
EXP-LEAD, 2023-07-18T16:53:53.169, ubuntu22-d, mtd-zk-2, START
EXP-LEAD, 2023-07-18T16:53:57.650, ubuntu22-d, mtd-zk-2, END
EXP-LOAD, 2023-07-18T16:53:58.703, ubuntu22-d, mtd-zk-2, 0.206395
EXP-LOAD, 2023-07-18T16:54:09.345, ubuntu22-d, mtd-zk-2, 0.100811
EXP-LOAD, 2023-07-18T16:54:15.416, ubuntu22-d, mtd-zk-2, 0.100811
EXP-LOAD, 2023-07-18T16:54:23.526, ubuntu22-d, mtd-zk-2, 0.163440
EXP-LOAD, 2023-07-18T16:54:34.634, ubuntu22-d, mtd-zk-2, 0.188641
EXP-LOAD, 2023-07-18T16:54:41.705, ubuntu22-d, mtd-zk-2, 0.188641
EXP-LOAD, 2023-07-18T16:54:52.003, ubuntu22-d, mtd-zk-2, 0.135935
EXP-LEAD, 2023-07-18T16:54:53.022, ubuntu22-d, mtd-zk-2, START
EXP-LEAD, 2023-07-18T16:54:58.472, ubuntu22-d, mtd-zk-2, END
EXP-LOAD, 2023-07-18T16:54:59.516, ubuntu22-d, mtd-zk-2, 0.135935
EXP-LOAD, 2023-07-18T16:55:10.641, ubuntu22-d, mtd-zk-2, 0.103614
EXP-LOAD, 2023-07-18T16:55:19.737, ubuntu22-d, mtd-zk-2, 0.195123
EXP-LEAD, 2023-07-18T16:55:20.767, ubuntu22-d, mtd-zk-2, START
EXP-LEAD, 2023-07-18T16:55:25.223, ubuntu22-d, mtd-zk-2, END
EXP-LOAD, 2023-07-18T16:55:26.288, ubuntu22-d, mtd-zk-2, 0.195123
EXP-LEAD, 2023-07-18T16:55:28.142, ubuntu22-d, mtd-zk-2, START
EXP-LEAD, 2023-07-18T16:55:34.626, ubuntu22-d, mtd-zk-2, END
EXP-LOAD, 2023-07-18T16:55:35.671, ubuntu22-d, mtd-zk-2, 0.132250
EXP-LOAD, 2023-07-18T16:55:45.766, ubuntu22-d, mtd-zk-2, 0.132250
EXP-LOAD, 2023-07-18T16:55:53.342, ubuntu22-d, mtd-zk-2, 0.219440
EXP-LOAD, 2023-07-18T16:56:03.452, ubuntu22-d, mtd-zk-2, 0.219440
EXP-LEAD, 2023-07-18T16:56:05.477, ubuntu22-d, mtd-zk-2, START
EXP-LEAD, 2023-07-18T16:56:10.007, ubuntu22-d, mtd-zk-2, END
EXP-LOAD, 2023-07-18T16:56:11.046, ubuntu22-d, mtd-zk-2, 0.218215
EXP-LEAD, 2023-07-18T16:56:12.549, ubuntu22-d, mtd-zk-2, START
EXP-LEAD, 2023-07-18T16:56:18.148, ubuntu22-d, mtd-zk-2, END
EXP-LOAD, 2023-07-18T16:56:19.214, ubuntu22-d, mtd-zk-2, 0.173020
EXP-LEAD, 2023-07-18T16:56:20.661, ubuntu22-d, mtd-zk-2, START
EXP-LEAD, 2023-07-18T16:56:25.064, ubuntu22-d, mtd-zk-2, END
EXP-LOAD, 2023-07-18T16:56:26.123, ubuntu22-d, mtd-zk-2, 0.173020
EXP-LEAD, 2023-07-18T16:56:27.796, ubuntu22-d, mtd-zk-2, START
EXP-LEAD, 2023-07-18T16:56:33.221, ubuntu22-d, mtd-zk-2, END
EXP-LOAD, 2023-07-18T16:56:34.280, ubuntu22-d, mtd-zk-2, 0.254427
EXP-LOAD, 2023-07-18T16:56:41.947, ubuntu22-d, mtd-zk-2, 0.254427
EXP-LOAD, 2023-07-18T16:56:52.094, ubuntu22-d, mtd-zk-2, 0.225823
EXP-LEAD, 2023-07-18T16:56:54.131, ubuntu22-d, mtd-zk-2, START
EXP-LEAD, 2023-07-18T16:57:01.615, ubuntu22-d, mtd-zk-2, END
EXP-LOAD, 2023-07-18T16:57:02.666, ubuntu22-d, mtd-zk-2, 0.225823
EXP-LOAD, 2023-07-18T16:57:09.275, ubuntu22-d, mtd-zk-2, 0.169415
EXP-LOAD, 2023-07-18T16:57:16.848, ubuntu22-d, mtd-zk-2, 0.169415
EXP-LOAD, 2023-07-18T16:57:28.022, ubuntu22-d, mtd-zk-2, 0.150795
EXP-LOAD, 2023-07-18T16:57:36.143, ubuntu22-d, mtd-zk-2, 0.178052
EXP-LOAD, 2023-07-18T16:57:47.252, ubuntu22-d, mtd-zk-2, 0.178052
EXP-LOAD, 2023-07-18T16:57:53.329, ubuntu22-d, mtd-zk-2, 0.154020
EXP-LOAD, 2023-07-18T16:58:06.462, ubuntu22-d, mtd-zk-2, 0.190817
EXP-LEAD, 2023-07-18T16:58:08.482, ubuntu22-d, mtd-zk-2, START
EXP-LEAD, 2023-07-18T16:58:13.921, ubuntu22-d, mtd-zk-2, END
EXP-LOAD, 2023-07-18T16:58:14.956, ubuntu22-d, mtd-zk-2, 0.190817
EXP-LEAD, 2023-07-18T16:58:17.591, ubuntu22-d, mtd-zk-2, START
EXP-LEAD, 2023-07-18T16:58:23.108, ubuntu22-d, mtd-zk-2, END
EXP-LOAD, 2023-07-18T16:58:24.157, ubuntu22-d, mtd-zk-2, 0.097119
EXP-LEAD, 2023-07-18T16:58:25.680, ubuntu22-d, mtd-zk-2, START
EXP-LEAD, 2023-07-18T16:58:34.184, ubuntu22-d, mtd-zk-2, END
EXP-LOAD, 2023-07-18T16:58:35.241, ubuntu22-d, mtd-zk-2, 0.229841
EXP-LEAD, 2023-07-18T16:58:36.272, ubuntu22-d, mtd-zk-2, START
EXP-LEAD, 2023-07-18T16:58:41.716, ubuntu22-d, mtd-zk-2, END
EXP-LOAD, 2023-07-18T16:58:42.758, ubuntu22-d, mtd-zk-2, 0.229841
EXP-LEAD, 2023-07-18T16:58:43.354, ubuntu22-d, mtd-zk-2, START
EXP-LEAD, 2023-07-18T16:58:47.785, ubuntu22-d, mtd-zk-2, END
EXP-LOAD, 2023-07-18T16:58:48.848, ubuntu22-d, mtd-zk-2, 0.229841
EXP-LEAD, 2023-07-18T16:58:50.515, ubuntu22-d, mtd-zk-2, START
EXP-LEAD, 2023-07-18T16:58:56.143, ubuntu22-d, mtd-zk-2, END
EXP-LOAD, 2023-07-18T16:58:57.207, ubuntu22-d, mtd-zk-2, 0.166639
EXP-LEAD, 2023-07-18T16:58:59.602, ubuntu22-d, mtd-zk-2, START
EXP-LEAD, 2023-07-18T16:59:05.101, ubuntu22-d, mtd-zk-2, END
EXP-LOAD, 2023-07-18T16:59:06.155, ubuntu22-d, mtd-zk-2, 0.169242
EXP-LOAD, 2023-07-18T16:59:14.804, ubuntu22-d, mtd-zk-2, 0.169242
EXP-LOAD, 2023-07-18T16:59:24.923, ubuntu22-d, mtd-zk-2, 0.212527
EXP-LOAD, 2023-07-18T16:59:33.046, ubuntu22-d, mtd-zk-2, 0.212527
EXP-LOAD, 2023-07-18T16:59:43.150, ubuntu22-d, mtd-zk-2, 0.089220
EXP-LOAD, 2023-07-18T16:59:50.223, ubuntu22-d, mtd-zk-2, 0.183120
EXP-LOAD, 2023-07-18T16:59:58.329, ubuntu22-d, mtd-zk-2, 0.183120
EXP-LEAD, 2023-07-18T16:59:58.357, ubuntu22-d, mtd-zk-2, START
EXP-LEAD, 2023-07-18T17:00:05.074, ubuntu22-d, mtd-zk-2, END
EXP-LOAD, 2023-07-18T17:00:06.116, ubuntu22-d, mtd-zk-2, 0.176407
EXP-LEAD, 2023-07-18T17:00:07.442, ubuntu22-d, mtd-zk-2, START
EXP-LEAD, 2023-07-18T17:00:12.098, ubuntu22-d, mtd-zk-2, END
EXP-LOAD, 2023-07-18T17:00:13.135, ubuntu22-d, mtd-zk-2, 0.176407
EXP-LOAD, 2023-07-18T17:00:19.603, ubuntu22-d, mtd-zk-2, 0.191258
EXP-LOAD, 2023-07-18T17:00:27.276, ubuntu22-d, mtd-zk-2, 0.191258
EXP-LOAD, 2023-07-18T17:00:37.826, ubuntu22-d, mtd-zk-2, 0.251058
EXP-LOAD, 2023-07-18T17:00:45.502, ubuntu22-d, mtd-zk-2, 0.251058
EXP-LEAD, 2023-07-18T17:00:46.534, ubuntu22-d, mtd-zk-2, START
EXP-LEAD, 2023-07-18T17:00:54.398, ubuntu22-d, mtd-zk-2, END
EXP-LOAD, 2023-07-18T17:00:55.465, ubuntu22-d, mtd-zk-2, 0.178405
EXP-LOAD, 2023-07-18T17:01:02.679, ubuntu22-d, mtd-zk-2, 0.178405
EXP-LEAD, 2023-07-18T17:01:03.705, ubuntu22-d, mtd-zk-2, START
EXP-LEAD, 2023-07-18T17:01:09.409, ubuntu22-d, mtd-zk-2, END
EXP-LOAD, 2023-07-18T17:01:10.454, ubuntu22-d, mtd-zk-2, 0.110621
EXP-LEAD, 2023-07-18T17:01:12.812, ubuntu22-d, mtd-zk-2, START
EXP-LEAD, 2023-07-18T17:01:17.177, ubuntu22-d, mtd-zk-2, END
EXP-LOAD, 2023-07-18T17:01:18.215, ubuntu22-d, mtd-zk-2, 0.110621
EXP-LOAD, 2023-07-18T17:01:28.964, ubuntu22-d, mtd-zk-2, 0.149621
EXP-LOAD, 2023-07-18T17:01:36.544, ubuntu22-d, mtd-zk-2, 0.183023
EXP-LOAD, 2023-07-18T17:01:47.663, ubuntu22-d, mtd-zk-2, 0.183023
EXP-LEAD, 2023-07-18T17:01:48.691, ubuntu22-d, mtd-zk-2, START
EXP-LEAD, 2023-07-18T17:01:54.352, ubuntu22-d, mtd-zk-2, END
EXP-LOAD, 2023-07-18T17:01:55.414, ubuntu22-d, mtd-zk-2, 0.121431
EXP-LEAD, 2023-07-18T17:01:57.441, ubuntu22-d, mtd-zk-2, START
EXP-LEAD, 2023-07-18T17:02:03.907, ubuntu22-d, mtd-zk-2, END
EXP-LOAD, 2023-07-18T17:02:04.965, ubuntu22-d, mtd-zk-2, 0.175814
EXP-LEAD, 2023-07-18T17:02:07.537, ubuntu22-d, mtd-zk-2, START
EXP-LEAD, 2023-07-18T17:02:12.946, ubuntu22-d, mtd-zk-2, END
EXP-LOAD, 2023-07-18T17:02:13.993, ubuntu22-d, mtd-zk-2, 0.175814
EXP-LOAD, 2023-07-18T17:02:23.721, ubuntu22-d, mtd-zk-2, 0.152826
EXP-LEAD, 2023-07-18T17:02:24.744, ubuntu22-d, mtd-zk-2, START
EXP-LEAD, 2023-07-18T17:02:30.199, ubuntu22-d, mtd-zk-2, END
EXP-LOAD, 2023-07-18T17:02:31.244, ubuntu22-d, mtd-zk-2, 0.152826
EXP-LEAD, 2023-07-18T17:02:33.846, ubuntu22-d, mtd-zk-2, START
EXP-LEAD, 2023-07-18T17:02:41.305, ubuntu22-d, mtd-zk-2, END
EXP-LOAD, 2023-07-18T17:02:42.367, ubuntu22-d, mtd-zk-2, 0.249619
EXP-LOAD, 2023-07-18T17:02:49.048, ubuntu22-d, mtd-zk-2, 0.249619
EXP-LOAD, 2023-07-18T17:02:58.164, ubuntu22-d, mtd-zk-2, 0.132519
EXP-LOAD, 2023-07-18T17:03:04.240, ubuntu22-d, mtd-zk-2, 0.090819
EXP-LEAD, 2023-07-18T17:03:05.743, ubuntu22-d, mtd-zk-2, START
EXP-LEAD, 2023-07-18T17:03:11.260, ubuntu22-d, mtd-zk-2, END
EXP-LOAD, 2023-07-18T17:03:12.309, ubuntu22-d, mtd-zk-2, 0.090819
EXP-LEAD, 2023-07-18T17:03:12.815, ubuntu22-d, mtd-zk-2, START
EXP-LEAD, 2023-07-18T17:03:21.432, ubuntu22-d, mtd-zk-2, END
EXP-LOAD, 2023-07-18T17:03:22.483, ubuntu22-d, mtd-zk-2, 0.172153
EXP-LEAD, 2023-07-18T17:03:23.934, ubuntu22-d, mtd-zk-2, START
EXP-LEAD, 2023-07-18T17:03:29.409, ubuntu22-d, mtd-zk-2, END
EXP-LOAD, 2023-07-18T17:03:30.452, ubuntu22-d, mtd-zk-2, 0.172153
EXP-LOAD, 2023-07-18T17:03:37.080, ubuntu22-d, mtd-zk-2, 0.160826
EXP-LEAD, 2023-07-18T17:03:38.572, ubuntu22-d, mtd-zk-2, START
EXP-LEAD, 2023-07-18T17:03:44.227, ubuntu22-d, mtd-zk-2, END
EXP-LOAD, 2023-07-18T17:03:45.267, ubuntu22-d, mtd-zk-2, 0.160826
EXP-LOAD, 2023-07-18T17:03:53.728, ubuntu22-d, mtd-zk-2, 0.263936
EXP-LEAD, 2023-07-18T17:03:54.757, ubuntu22-d, mtd-zk-2, START
EXP-LEAD, 2023-07-18T17:04:03.335, ubuntu22-d, mtd-zk-2, END
EXP-LOAD, 2023-07-18T17:04:04.388, ubuntu22-d, mtd-zk-2, 0.166450
EXP-LEAD, 2023-07-18T17:04:06.863, ubuntu22-d, mtd-zk-2, START
EXP-LEAD, 2023-07-18T17:04:11.364, ubuntu22-d, mtd-zk-2, END
EXP-LOAD, 2023-07-18T17:04:12.403, ubuntu22-d, mtd-zk-2, 0.166450
EXP-LOAD, 2023-07-18T17:04:21.974, ubuntu22-d, mtd-zk-2, 0.181182
EXP-LEAD, 2023-07-18T17:04:24.017, ubuntu22-d, mtd-zk-2, START
EXP-LEAD, 2023-07-18T17:04:29.519, ubuntu22-d, mtd-zk-2, END
EXP-LOAD, 2023-07-18T17:04:30.559, ubuntu22-d, mtd-zk-2, 0.181182
EXP-LOAD, 2023-07-18T17:04:38.191, ubuntu22-d, mtd-zk-2, 0.177221
EXP-LOAD, 2023-07-18T17:04:48.285, ubuntu22-d, mtd-zk-2, 0.177221
EXP-LOAD, 2023-07-18T17:04:54.370, ubuntu22-d, mtd-zk-2, 0.192128
EXP-LOAD, 2023-07-18T17:05:02.478, ubuntu22-d, mtd-zk-2, 0.192128
EXP-LOAD, 2023-07-18T17:05:10.604, ubuntu22-d, mtd-zk-2, 0.163828
EXP-LOAD, 2023-07-18T17:05:19.403, ubuntu22-d, mtd-zk-2, 0.224443
EXP-LOAD, 2023-07-18T17:05:25.963, ubuntu22-d, mtd-zk-2, 0.224443
